user_id,style,fit,shape,color
170f5a76-04f2-438d-a4b3-14270df58c38,Men's Styles,Narrow,Square,Crystal
50fc702f-af52-4663-9b92-72a47453064d,Men's Styles,Narrow,Square,Black
97b61b70-c0b1-41df-b2b7-56082b6eb439,Women's Styles,Narrow,Rectangular,Black
cd7bedf0-670c-4f81-b5c8-f5eb8c62298c,Men's Styles,Wide,Square,Tortoise
b0dfcf4d-4dba-4d2f-8348-6a68d9ccb96d,Men's Styles,Narrow,Square,Black
69e40dad-2984-439a-b140-86be2f4069cc,Men's Styles,Narrow,Rectangular,Crystal
afaf21ed-62e2-4c8c-a644-a73dbafae8aa,Men's Styles,Medium,Round,Neutral
188bcf8b-d333-4c65-8dd1-3210752f5ea4,Men's Styles,Wide,Square,Crystal
f5798576-6174-402d-bb69-63941056fc82,Men's Styles,Wide,Rectangular,Crystal
617ff6d0-b9fe-40eb-ba87-fb3e8abdc8f4,Men's Styles,Medium,Square,Tortoise
cd09da66-904e-45be-ba75-b7a09a58a06a,Women's Styles,I'm not sure. Let's skip it.,Rectangular,Tortoise
58c90d97-8949-415b-adcf-d7aee57671ae,Men's Styles,Narrow,Rectangular,Black
a931f74d-0a48-4096-af9e-8d799c65fda9,I'm not sure. Let's skip it.,Medium,Square,Black
8637c8f3-f2b5-41c0-9868-af3dd7a6cd55,Men's Styles,Wide,No Preference,Crystal
877c78ec-5f6a-4979-ad42-b08404f7048b,Women's Styles,Medium,Rectangular,Black
c6dcb286-ac62-44b8-bf9a-3c522a75a5ad,Women's Styles,Narrow,No Preference,Neutral
94c85e11-11a0-4595-8b06-8d1b5969437f,I'm not sure. Let's skip it.,Medium,No Preference,Crystal
abfcb762-b965-4354-bffd-41c7501145c5,Women's Styles,Wide,Rectangular,Black
f543714a-77d5-4d3f-9b92-7c548ae5390d,Women's Styles,Narrow,No Preference,Two-Tone
dd09fac7-b6d6-4fe0-957d-a54d1752546c,Women's Styles,Narrow,Round,Crystal
a225f2ab-b4de-4cca-845e-1a44cbce29eb,Men's Styles,I'm not sure. Let's skip it.,Rectangular,Tortoise
8fe74fea-4e52-4dbf-9141-62026fb86136,Women's Styles,Narrow,Square,Black
ab8f639d-cf8a-4ea0-9997-afb28493ea92,I'm not sure. Let's skip it.,Medium,Square,Two-Tone
f01f9639-d8d0-443f-9bc1-1b5f11ed0cd4,Men's Styles,Medium,Rectangular,Two-Tone
b7766682-3a0c-4153-91e9-d0778c2b398b,Women's Styles,Narrow,Square,Tortoise
69cf4587-c753-425c-a50c-30a89c7565a7,Men's Styles,Wide,Square,Tortoise
f085c962-1727-4243-ad16-2ab5abff9ca1,Women's Styles,Narrow,Rectangular,Neutral
ea4e772c-0f28-4802-9932-04691007ae82,Men's Styles,Wide,Round,Tortoise
15d0e408-4ab0-4e53-b0f0-2dfce9511e23,Men's Styles,Narrow,No Preference,Black
fb1d549b-03a9-4fd4-80f2-bec0e781ce1c,Women's Styles,Narrow,Rectangular,Crystal
c9426eae-71c0-4c24-aaf2-7c8593682c3c,Men's Styles,Narrow,Round,Two-Tone
5f4f70a9-1739-4536-8759-451006cbff6d,Men's Styles,Wide,Round,Two-Tone
460fc3ad-9da4-4600-adf5-b8978b23257a,Women's Styles,Narrow,Rectangular,Tortoise
231ffe7c-976a-4306-bfd4-6db67c5c6721,Men's Styles,Wide,Square,Black
bfda234c-ef99-4ba2-b59e-a3afd7512d06,Women's Styles,Narrow,Square,Black
2c0713b3-540d-4cef-bbc5-edff124358e4,Women's Styles,Wide,Square,Two-Tone
4660d165-ff3c-490b-8653-f3b25bbc94a9,Men's Styles,Medium,No Preference,Tortoise
bebafd88-96eb-45ae-af15-b5dfa65c09f5,Men's Styles,Medium,No Preference,Black
3961fafa-20fb-456f-a0c2-188b5e923155,Men's Styles,Wide,No Preference,Black
96cf6037-4dc4-4b0c-b84b-ffb463d0960a,Men's Styles,Narrow,Rectangular,Black
79f3e7d1-ae1f-4682-9564-4eeacea3c54c,Women's Styles,Narrow,Rectangular,Tortoise
063c3447-2c1d-4507-af5c-ea7b79d10917,Men's Styles,Wide,Square,Two-Tone
f526ddaa-b843-4e34-b2c2-091770b457ae,Women's Styles,Narrow,Rectangular,Tortoise
e7712e7f-166e-49c4-b847-da57be710dda,Men's Styles,Wide,Rectangular,Crystal
51a24345-b3fc-431c-9072-51bfa77c2b13,Women's Styles,Medium,Round,Crystal
dad1b81b-a8cf-43c6-bd37-9ef4baeef502,Men's Styles,Medium,Rectangular,Crystal
843ec17a-d563-43f0-8a49-a34b581f9715,I'm not sure. Let's skip it.,Narrow,No Preference,Black
e32764b3-b38b-4d49-821f-7781ca727851,I'm not sure. Let's skip it.,Narrow,Rectangular,Tortoise
d898c22e-1a20-45e9-8c62-784dfb420b16,Women's Styles,I'm not sure. Let's skip it.,Rectangular,Black
d036cdec-a87f-4854-bd57-969b5851fdf5,Women's Styles,Medium,No Preference,Neutral
665b3657-6603-4a33-aa87-d7b1642c08fd,Women's Styles,Narrow,Square,Black
384c7c0f-d4c8-4be4-9d71-43a43784c591,Women's Styles,Wide,Round,Tortoise
20d54b1b-2205-4868-b18f-5262251f91ed,Women's Styles,Wide,Rectangular,Tortoise
698b0776-2b71-4192-af9d-e11c69f7a86d,Women's Styles,Wide,Rectangular,Tortoise
cf485cc9-2fc6-4caa-a4fa-f2ef410e0d89,Women's Styles,Narrow,Square,Crystal
fd80accb-c5df-4ecd-adb5-09b06b0ecd7d,Men's Styles,Medium,Round,Black
3250074c-e681-40e3-9125-443eba28c026,Women's Styles,Medium,Round,Tortoise
2185ba80-668f-4962-bb3a-fa3e44425bd0,Women's Styles,Medium,Rectangular,Two-Tone
32394262-e32e-43df-ae89-59fe5f7e22f6,Women's Styles,Wide,Round,Black
321296f2-449f-4e13-9d9a-9d263dfcd0dc,Men's Styles,Wide,Square,Crystal
3195cc23-0262-46d8-9557-3dd4fba79e87,Men's Styles,I'm not sure. Let's skip it.,Square,Crystal
bc625e11-a2bb-4fae-9cf4-0e1d19ae5b96,Women's Styles,Medium,Round,Crystal
18ba714a-0ab6-41a5-b768-074bbbecabbd,Women's Styles,Narrow,Round,Black
4b4a7596-e0c6-4c01-bdf7-7311c3caa570,I'm not sure. Let's skip it.,Medium,Square,Tortoise
7ec0ef86-f263-4936-a07f-b5ac31942545,Men's Styles,Narrow,Round,Two-Tone
3b437938-b02a-429f-b1e9-0a89dfb6834f,Men's Styles,Narrow,No Preference,Black
e83804a7-afba-40f9-9da6-2a215f2c6d0d,Women's Styles,Narrow,Rectangular,Neutral
b0eb8f36-776b-4743-a41f-aabac79ac07a,Women's Styles,Medium,Rectangular,Two-Tone
43cdd2c7-7cf2-45e0-a90a-e0d4ca5f841e,Women's Styles,Medium,Square,Neutral
07e3bbcb-00e4-4856-8f01-a073070eed23,Women's Styles,Medium,Rectangular,Crystal
8021ddb1-171e-4844-adea-cd2e51a90c6b,Men's Styles,Wide,Rectangular,Black
4bb03169-2d28-4261-92fa-9dda08417cae,Men's Styles,Narrow,Rectangular,Tortoise
b2a2cbcb-6f49-4dc0-9919-4580af8d9bee,Men's Styles,Medium,Round,Crystal
30b37e2a-8ab9-4fd2-be57-9f29f083340e,Women's Styles,Wide,Round,Two-Tone
081bc6a6-cfa0-46ad-ba51-a1240019cf95,Women's Styles,Wide,Rectangular,Crystal
33842f59-66ca-4242-9156-a9fb49ffe4cd,I'm not sure. Let's skip it.,Medium,Square,Tortoise
1f2a93aa-0066-48e7-924a-db4e2f293e62,Women's Styles,Wide,Rectangular,Crystal
eb456d45-aa8c-46ed-9db5-7aebc42c0ae0,Men's Styles,Wide,Square,Tortoise
3d72dac8-b294-42aa-b9fb-95e01189d1a7,Women's Styles,Narrow,Rectangular,Two-Tone
f4e09023-e539-4873-bfa5-ec6d96d4dfca,Men's Styles,Wide,Rectangular,Black
c5af087b-28e4-4bac-8699-e1415979216a,Men's Styles,Narrow,Round,Crystal
de00a201-c9ae-46e0-970a-300b16da259e,Women's Styles,I'm not sure. Let's skip it.,Square,Neutral
01371081-5176-49b3-988b-ebc984d8f912,Women's Styles,Medium,Rectangular,Black
ff59e41c-232d-4fd5-bec0-e8a3d35b0317,Women's Styles,Narrow,Rectangular,Tortoise
f6dca021-2cfb-4bbe-a08c-591a230a379e,Women's Styles,Narrow,Round,Tortoise
d148ea05-26b1-4157-9964-51911eb5cab1,Men's Styles,Wide,Rectangular,Tortoise
61c7bc17-d8a5-4c98-8cc9-58b4203f2b64,Women's Styles,Narrow,Square,Tortoise
b5748b3f-eb4c-4df1-ada3-8f5c5392c7e1,I'm not sure. Let's skip it.,Wide,Rectangular,Black
3d90a7fe-31ac-45d9-a8a5-563bc6149680,I'm not sure. Let's skip it.,Wide,Round,Tortoise
02f23d7b-632b-4257-a557-df30dffc3de8,Men's Styles,I'm not sure. Let's skip it.,Rectangular,Neutral
e3e3993e-e339-44e9-93e3-d90aefb500dd,Men's Styles,Narrow,Square,Black
69951beb-4dc8-4f1e-a4df-5fd76ef2f40d,Women's Styles,Wide,Square,Black
808f527e-51fd-42c6-b2a2-a2dad7133a0b,Women's Styles,Narrow,Rectangular,Two-Tone
2629e415-9c2a-4c07-b402-a85b50528a3a,Men's Styles,Medium,Square,Black
91d7546b-edf0-492f-92be-9f320afcf723,Women's Styles,I'm not sure. Let's skip it.,Round,Tortoise
e38268a9-e673-4848-af4d-b53977971550,Men's Styles,Medium,No Preference,Tortoise
cab512ac-51a7-4a5b-b4b6-1717b9a4f32a,Men's Styles,I'm not sure. Let's skip it.,Rectangular,Tortoise
66b35e08-f967-4172-85fe-bd92d187797f,Men's Styles,Medium,Round,Black
dddd00ea-b192-4907-85d8-c1d98f300e0f,Women's Styles,Medium,Rectangular,Neutral
e9e43c2d-dddd-4a80-a655-23c840e4febb,Women's Styles,I'm not sure. Let's skip it.,Square,Tortoise
10992c98-81ef-492a-a96e-f317ef49fa3b,Men's Styles,Medium,Square,Black
7fec6418-349f-4bfc-98e8-d24807b34cd9,Men's Styles,Wide,No Preference,Black
a32e54fd-84f2-4630-9a23-4382791da81f,Men's Styles,Medium,Rectangular,Tortoise
cd303c07-5abd-466b-9608-f9963fcd2e7c,Men's Styles,Wide,No Preference,Two-Tone
761665fc-b53f-4a5e-ad76-38dfddbc4702,Women's Styles,Medium,Rectangular,Neutral
d48128f6-5a1f-4277-9b65-aedcd4ccbbf6,Women's Styles,Medium,No Preference,Tortoise
a4595f35-3032-4579-9725-b1abcd5a67a4,Men's Styles,Narrow,Square,Crystal
09369290-9cdc-4504-aae4-6d3c4c101af2,Women's Styles,I'm not sure. Let's skip it.,Rectangular,Two-Tone
04cb3636-9ad5-4464-9354-e70a43c1afe3,I'm not sure. Let's skip it.,Medium,Square,Tortoise
57fe317e-651a-4f48-904c-56d479212f39,Women's Styles,Wide,Rectangular,Tortoise
f7fc1639-d320-462e-ac53-dbe6007fd705,Men's Styles,Narrow,Square,Tortoise
739bd729-a15f-4245-9415-52c5918cbe09,Women's Styles,Narrow,Rectangular,Crystal
179f0cee-96e3-40e6-a3ef-6b1471a081e6,Women's Styles,Narrow,Square,Crystal
4ff6295a-82de-493b-b8ba-f89e5ceb32f8,Men's Styles,Wide,Square,Tortoise
626675a1-b14d-4426-a381-5817003a566c,Men's Styles,Narrow,Rectangular,Tortoise
3a88fb4b-6643-4ec7-b9d9-63a36e6c0218,Men's Styles,Medium,No Preference,Crystal
42105c91-e4eb-4952-a6a4-d4e63379df7d,Women's Styles,Narrow,Round,Two-Tone
56f8091a-7036-4634-ba91-ca4d53b0c85b,Men's Styles,Narrow,Round,Two-Tone
1d6ab82b-47d6-4ba2-a9b6-3508fcd1e68f,Women's Styles,Narrow,Rectangular,Tortoise
79b1d4c3-e6db-4a58-b907-affc82bef4b1,Men's Styles,Narrow,Square,Neutral
f6a5e326-202d-41e8-935a-521fe08979ea,Men's Styles,Narrow,Rectangular,Black
1a636041-2705-4bd2-bf1b-317a344ef113,I'm not sure. Let's skip it.,Medium,Square,Black
568ebc44-7453-460d-8216-1f44c9fc1fb3,I'm not sure. Let's skip it.,I'm not sure. Let's skip it.,Square,Black
0a583180-2e6d-454c-a7e4-a0d6909451ba,Women's Styles,Medium,Round,Black
63ec9491-a873-432b-9223-0286467e1ac1,Women's Styles,Wide,Square,Black
602299e7-b445-4195-9580-44421cc4bee1,I'm not sure. Let's skip it.,Medium,Round,Black
503704c6-c005-48f8-844e-2a5e7e739ee1,Men's Styles,I'm not sure. Let's skip it.,Round,Black
93cb8d9d-c09e-4858-b5ea-66f548ebd2f3,Women's Styles,Narrow,Rectangular,Crystal
d701c5d1-fb83-4ffc-b915-0a6dbeca14d2,Women's Styles,Medium,Square,Tortoise
203ed8b2-f0d1-413e-8065-2f466a87262a,Men's Styles,Narrow,Square,Black
345ce6a1-265c-4d63-9192-6d1d59cab0ea,Men's Styles,I'm not sure. Let's skip it.,Rectangular,Neutral
e989152d-efc8-442a-9c93-dfc7a7a17cec,Men's Styles,Narrow,Rectangular,Black
8fdfa7bb-10e8-43d4-942f-6bb1f174c8b8,Men's Styles,Medium,No Preference,Black
4636f6eb-affb-4390-8b4e-10452e5b80a9,Men's Styles,I'm not sure. Let's skip it.,Round,Neutral
afe48af9-fb2d-44a7-89ed-5eaf495c178e,Women's Styles,Medium,Square,Tortoise
15a305ec-e6a9-4989-8170-ddee27c0b219,I'm not sure. Let's skip it.,I'm not sure. Let's skip it.,Round,Black
44d42a2d-effd-4634-a892-fed8813c6e5a,Women's Styles,Medium,Round,Two-Tone
a99aff66-15e5-4330-af3c-ba2f45faff05,Men's Styles,Medium,Square,Neutral
2a480638-d714-4305-ad05-d68afed575a9,Men's Styles,Medium,Rectangular,Black
4ef26f93-8e7a-40ef-9bb3-a8326c8f65f9,Women's Styles,I'm not sure. Let's skip it.,No Preference,Crystal
2e42227e-6ca5-41f2-95ac-5cc21b54bf46,Men's Styles,Narrow,Rectangular,Tortoise
7cbab962-3d53-4b39-ba5e-ef5ee7062653,Men's Styles,Medium,Rectangular,Tortoise
97be34af-6a74-4128-80c1-ddfc7b1581c4,Men's Styles,Wide,Rectangular,Crystal
1b6c34de-9ed1-4ca6-b864-def41d6a09c4,Women's Styles,Narrow,Square,Tortoise
34cad597-6f1e-4214-91b4-58bfa54794aa,Men's Styles,Medium,Square,Neutral
02340263-b9b7-418f-a710-d1c4f3ec4409,Women's Styles,Narrow,Square,Neutral
4d2505d3-5170-4bb4-b745-73ff985732dd,Men's Styles,Narrow,Rectangular,Neutral
7f781073-bed1-4796-a74c-b3e9337a14a9,Men's Styles,Narrow,Rectangular,Tortoise
cf45b8c3-0b48-4a0b-a06e-659ef5c8f531,Women's Styles,Narrow,Round,Tortoise
dcb88ceb-dacb-49a1-9a84-adfa8a9913b7,I'm not sure. Let's skip it.,Narrow,Square,Tortoise
2c8f9a3b-c6eb-4cf7-a594-7230fd5d591d,Women's Styles,Medium,Round,Two-Tone
a072e199-8365-4531-b973-bfc6dca35ca1,I'm not sure. Let's skip it.,Narrow,Square,Tortoise
6fd17f42-a23d-42e8-b50c-d3745636c155,Men's Styles,I'm not sure. Let's skip it.,Rectangular,Black
44f10544-eee3-4bee-a8ab-9ecc4c6dacba,Women's Styles,Medium,No Preference,Neutral
1a8ff8ae-ab2f-4c34-9fdf-d246b366de52,Men's Styles,Narrow,Rectangular,Two-Tone
6922c126-2426-4c91-835c-295e9d3d2c5a,Men's Styles,Medium,Round,Tortoise
19cb4fb2-2616-40d0-83c5-3d6be0f05884,Women's Styles,Narrow,Rectangular,Crystal
f45b4321-54e6-4277-9523-32379aac569e,Women's Styles,Narrow,Square,Crystal
e270ed8f-39a3-47da-8e27-471f9ec7c71a,Women's Styles,Narrow,Rectangular,Neutral
80f9c7a6-cc97-45a6-84a3-4e1e8b4cb061,Women's Styles,Medium,Rectangular,Black
32f955f8-7fdb-4abc-98b0-65f875fe95f3,Men's Styles,Narrow,Round,Tortoise
33ba1213-a59c-43ba-8d2c-60e5a799d169,Women's Styles,Medium,Square,Black
5bfc8571-9cea-4b71-88d0-f1096f25c684,Men's Styles,Narrow,Rectangular,Black
09ad6a78-c9f0-4159-a4d6-d0cf77792369,Men's Styles,Narrow,Rectangular,Crystal
3b1f7d6f-fc2e-45dd-bac8-1ee53d2a5352,I'm not sure. Let's skip it.,Narrow,Rectangular,Tortoise
e3d6e350-34a0-471e-bd70-3f377ed0faad,Women's Styles,Narrow,Round,Two-Tone
9867f35e-eb56-4ef2-a8bb-71772c66eaed,Men's Styles,Medium,Rectangular,Black
9da8dde3-fd66-4067-ae64-96cb1d34c0af,I'm not sure. Let's skip it.,Wide,Square,Crystal
a5c18a54-0fd1-4456-bb9b-44ba220e9764,Men's Styles,Wide,Rectangular,Crystal
e4c1c8ac-a808-4e33-9a22-82e4e39b1532,I'm not sure. Let's skip it.,Narrow,Rectangular,Tortoise
e7602d46-ad37-4b23-adb3-6a9012b85995,Men's Styles,Medium,No Preference,Neutral
ef36b6e2-0b1a-4f7f-9e1a-d6bc499cc2fb,Men's Styles,Medium,No Preference,Tortoise
bab2e3fc-5559-41c3-a6d7-5022950643e0,Men's Styles,Narrow,Rectangular,Tortoise
61202da4-dbc4-4e7c-8d71-2de5bc67b60f,Men's Styles,Narrow,Round,Black
d592d6d4-d447-4089-8eea-482c757aa7bd,Men's Styles,I'm not sure. Let's skip it.,Rectangular,Black
153ee69c-18ce-437c-be1e-00b715d21277,I'm not sure. Let's skip it.,Medium,Rectangular,Crystal
71d61658-1695-4a59-92ce-3f04bd4affd8,Women's Styles,Narrow,Round,Tortoise
9779c5ea-3fb7-43a9-a9dc-07c6d02576e5,Men's Styles,Narrow,Rectangular,Black
2c9c49bd-0d6d-4f57-94a8-7566edf12bf9,Men's Styles,Medium,Square,Black
eb0fd99f-92f7-49c9-898f-0b81ef617a88,Women's Styles,Narrow,No Preference,Black
124d138c-f655-4166-a3ee-5b49e2e794cf,Men's Styles,Narrow,No Preference,Black
03e7d0af-9a7e-4a7c-8c52-dadb94da1716,Men's Styles,Wide,Rectangular,Crystal
ec61046c-6b41-4d75-9523-b716931ebbdf,Men's Styles,I'm not sure. Let's skip it.,Rectangular,Tortoise
db3597b3-9ea7-4df5-ab0c-500e01768e7c,Women's Styles,Medium,Rectangular,Black
5c40ee0e-8fd6-4226-8bd8-9c36648308ba,Men's Styles,Medium,Round,Crystal
2784b2b0-6d0a-419d-9494-bb3790436f39,Women's Styles,Medium,No Preference,Tortoise
ae75deec-2299-4ba2-b65c-dac1197dcb36,Women's Styles,Wide,Square,Neutral
56aacd42-0430-422d-acbe-2963f8aceb23,Women's Styles,Narrow,Round,Tortoise
e7e97158-40e7-4c90-af3e-7936f16ba9e6,Women's Styles,Narrow,Square,Tortoise
9fbacd16-9f55-4c9a-a5dc-fbe876d8e144,Women's Styles,Medium,Square,Black
3e321957-a77f-485d-a4ce-5cb956665780,Women's Styles,Narrow,Square,Tortoise
0f6b4c74-7683-44bd-9208-915e52cd7a17,Men's Styles,Narrow,Round,Tortoise
32a0527c-991b-4022-92ef-f6ed479ffa1f,Men's Styles,I'm not sure. Let's skip it.,Rectangular,Black
edc72c7b-0f91-4839-a1c7-b08cb3785ceb,Women's Styles,Medium,No Preference,Two-Tone
185ef3db-6f94-4f77-96eb-c611fa328461,Women's Styles,Wide,Square,Black
7260e528-01a2-4ee2-8322-2250f0044189,Men's Styles,Medium,Round,Crystal
3534fca7-244b-455d-9fbe-6f3e907c5430,I'm not sure. Let's skip it.,Medium,Rectangular,Tortoise
e095b29a-2267-4360-a723-0c96a85c3bab,Women's Styles,Medium,No Preference,Tortoise
3771d861-b957-4498-9c75-016d14a95e63,Men's Styles,Narrow,No Preference,Two-Tone
9b9228ea-cc48-4b72-bfa4-f8f977032683,Women's Styles,Narrow,Rectangular,Crystal
7cc74c0f-aea7-45a2-978b-2c35a8e6ff95,Men's Styles,I'm not sure. Let's skip it.,Square,Tortoise
b4016665-08f8-4c0d-8d5a-56b18c87e975,Men's Styles,Narrow,Square,Two-Tone
9bcda6d8-8b2d-45ce-b272-f5d322b32089,Women's Styles,Medium,Square,Tortoise
b8341d31-161d-44d9-8050-46b8259bab96,Women's Styles,Medium,Square,Tortoise
d7b87b7a-8f00-4c14-a3d6-ebc6e5a9c1d2,Women's Styles,I'm not sure. Let's skip it.,Rectangular,Neutral
6a9f5d65-4172-4931-9d19-3c7d47e430a1,Men's Styles,I'm not sure. Let's skip it.,Round,Black
b592655e-274b-4bf5-86d0-758ec17d9384,I'm not sure. Let's skip it.,Narrow,No Preference,Black
d0d4ef4b-e866-47f5-a582-5240a0743080,Women's Styles,I'm not sure. Let's skip it.,Round,Black
0b0e97f7-b704-4ed7-ad85-3a0045b0c862,Women's Styles,Wide,Rectangular,Black
6cfb8b94-178e-47a2-bd8b-9858a45e0dab,Men's Styles,Wide,No Preference,Tortoise
550fdc5b-f3ba-4283-b2bf-16141d195151,Women's Styles,Medium,Round,Neutral
ebb6479a-25ee-4449-aec7-4a784f33607a,Men's Styles,Narrow,Rectangular,Crystal
958a6969-6383-4ae0-b895-f6109ad0f954,Men's Styles,Narrow,Square,Black
c5daf910-d372-4c46-ae42-59c04084ff69,Men's Styles,Medium,Square,Two-Tone
c11a71be-c1a5-4d03-b1eb-ab47d1a14edc,Women's Styles,Wide,No Preference,Black
752186b7-ee1f-48b7-8fad-36f3a3bf8d26,Men's Styles,Medium,Rectangular,Tortoise
004883d4-4047-404c-8e5f-62a079a38f14,Women's Styles,Wide,No Preference,Crystal
f108a832-1cf7-412a-8fe5-2f25b81983a0,Women's Styles,Narrow,Rectangular,Two-Tone
96a6bf6e-9afe-414c-b7de-1e5df4c80d20,Men's Styles,Narrow,Square,Crystal
02cad226-5120-485b-a7e3-7ad6e5e9d9c7,Men's Styles,Medium,Square,Tortoise
f77fdca5-83bf-4e2e-af56-9b5927ebfdc5,Men's Styles,Medium,Rectangular,Black
162f04c5-ce93-4771-b8a9-7e891e542c69,Women's Styles,Narrow,No Preference,Black
8417632f-f558-496d-a29e-0ef4289bee86,Men's Styles,Narrow,Square,Black
e03f5cb3-e6ba-490b-9a34-834a8eb53454,Women's Styles,Wide,No Preference,Black
4f015dcb-1cea-43f7-b276-55c0b6e8c0aa,Men's Styles,Wide,Square,Black
16791560-74e4-458d-aaec-64b0c7dd59ae,I'm not sure. Let's skip it.,Wide,Rectangular,Crystal
0c77d9b5-c7f6-4a91-b60e-9cc11d2ac5b6,Women's Styles,Medium,No Preference,Tortoise
ada3ffb1-cc5b-44c3-8b11-d972d5edc203,Women's Styles,Narrow,Rectangular,Neutral
6c84d7c4-acf3-47f9-9fdc-757bd76340df,I'm not sure. Let's skip it.,Wide,Square,Tortoise
af2280a9-e25c-424a-b307-eba3a091c18d,Women's Styles,I'm not sure. Let's skip it.,Rectangular,Tortoise
6b766c12-ba30-49bf-9d1d-02cc05c590d4,Women's Styles,Medium,Round,Black
538c0481-7c73-4429-b845-2860d7dbea3c,Men's Styles,Wide,Square,Tortoise
59e1a90a-9b77-44b1-b2db-93990756535f,Men's Styles,Medium,Round,Black
4656b737-b34c-446d-b836-3d27ea25a44f,I'm not sure. Let's skip it.,Wide,Round,Neutral
427500a3-e459-4e6e-9548-e32a6b25c52e,Women's Styles,I'm not sure. Let's skip it.,Square,Crystal
98f0a275-7e71-437e-b987-a99fbc81598b,Women's Styles,I'm not sure. Let's skip it.,Rectangular,Crystal
2a5e5c61-57c5-4dc2-9eef-24224907b88e,I'm not sure. Let's skip it.,Narrow,No Preference,Tortoise
1800dea9-7cb9-4882-929a-9625d2a0518b,Men's Styles,Wide,Rectangular,Tortoise
f4e80023-fa2c-4bed-a97f-39620a78d362,Women's Styles,Narrow,Square,Crystal
ca581187-8d80-442c-bfcc-5225e2d78841,Men's Styles,Wide,Rectangular,Two-Tone
cfb44e0f-f067-43be-8bc8-8f740c20d503,Men's Styles,Wide,No Preference,Crystal
8fe85f04-4312-446a-8c1d-aa31b62b662d,Women's Styles,Medium,Round,Two-Tone
b3c20b7c-b852-46bf-bd64-aa6cdbfd9eca,Women's Styles,Narrow,Rectangular,Tortoise
0fc494e5-4421-4ffb-a057-a76ee9ffb07d,Women's Styles,Narrow,Rectangular,Neutral
c35a77d5-c22e-4a94-bf4f-0e0f34c20cf7,Men's Styles,Narrow,Rectangular,Tortoise
bee1079e-f1d2-4c7f-8d38-9f7731c97260,Men's Styles,Narrow,Rectangular,Tortoise
db68af8f-a8ef-497e-b3a8-6e64ae626f5c,Men's Styles,Narrow,Rectangular,Black
2660e84d-a652-4f95-91f3-3d283cb64cf5,Men's Styles,Medium,Square,Tortoise
a4703d99-fbcb-424c-9c84-3b0ec654f189,Women's Styles,Medium,No Preference,Tortoise
991b4e57-a368-48ba-b300-954d38ca454f,Women's Styles,Narrow,Rectangular,Tortoise
5e0e8687-1de5-4a9c-a3bf-9529a3244d75,Women's Styles,Narrow,Round,Crystal
df51e5d6-07ff-4f63-976b-eceabe8e377a,Men's Styles,Wide,Square,Crystal
1986145a-48e6-47c0-823d-76ab9eb9e751,Men's Styles,Narrow,Round,Black
f10e7fcd-edc3-4ac5-a2b0-a4cee623966e,Women's Styles,Medium,No Preference,Tortoise
b53fb1fb-1462-443f-a5ac-387cc6a869d4,Women's Styles,Narrow,Rectangular,Black
e1c46231-4c11-4821-8f31-38f58b4a3397,Women's Styles,Narrow,Round,Crystal
4fbb3ad2-5320-43b9-a896-5d319187b847,Men's Styles,Narrow,Round,Black
1bdf4b27-f1ec-401e-802f-d6b4f2b72372,Women's Styles,Narrow,Square,Neutral
af57f3d0-1b9a-441f-a48e-b7486b8085d0,Women's Styles,Medium,Round,Two-Tone
52989224-36a9-4a49-9aeb-fc8cdcbaa02b,Men's Styles,Medium,Rectangular,Crystal
5aa482e3-f119-45e2-98d3-c0a404edcb6e,Men's Styles,Narrow,Square,Black
27d77063-9ab1-4408-807e-274f32a30ae1,Men's Styles,Narrow,Square,Crystal
112995e4-3da5-4ccf-b31e-a1d97dcfcdc7,I'm not sure. Let's skip it.,Narrow,Rectangular,Tortoise
551beb4c-099a-469a-b74f-75adda405297,Women's Styles,Medium,Rectangular,Neutral
6f452ffb-699f-4ff3-98d2-10f41772f1dd,Men's Styles,Narrow,Square,Crystal
cfdd3e0f-f602-4562-9521-cbf71587a59e,Women's Styles,Narrow,Square,Tortoise
f7cf50aa-8564-480d-9726-f2beb43fafa2,Men's Styles,Wide,Round,Black
d436f615-4a1b-43ba-835c-e44026b4356e,Women's Styles,Medium,Rectangular,Neutral
9f39e1b8-8172-478a-ae1c-c4cefc32f76e,Men's Styles,Wide,No Preference,Crystal
f0d140d1-a6a2-42d1-93a2-b795c3bc834f,Women's Styles,Wide,Square,Black
b0a7f445-d24a-4859-90ba-5a2130096a05,Women's Styles,Wide,Rectangular,Crystal
a21026ed-6ece-4307-b75c-67ae32793d91,Women's Styles,I'm not sure. Let's skip it.,Square,Neutral
bf5bf790-aeb0-4e1e-8742-58ec0ffbc6a8,Women's Styles,Wide,Rectangular,Black
b1d285f3-a80d-4bb7-adca-1ce826d400b8,Women's Styles,Narrow,Rectangular,Crystal
3247370d-e163-45af-850b-766e8702f833,Women's Styles,Narrow,Rectangular,Black
8252a405-9cec-4717-8810-278ceb633ca5,I'm not sure. Let's skip it.,Medium,Round,Neutral
dc5513cc-9f69-4373-858e-425d5019e064,Men's Styles,Medium,Round,Crystal
ee6fe239-c228-454e-bb25-5e8fd0325d06,Men's Styles,Narrow,Square,Tortoise
abc25fd8-8b01-4ad0-841e-d7017918472e,Men's Styles,I'm not sure. Let's skip it.,Square,Neutral
9c5e94f1-2ce8-4918-a21c-6592883be9eb,Women's Styles,Narrow,Square,Tortoise
423d494e-2a58-47f8-a56a-812a0a6b970c,I'm not sure. Let's skip it.,Wide,Square,Crystal
2c76fd80-b18f-4dae-b20c-5dd803b8aefa,I'm not sure. Let's skip it.,Narrow,Rectangular,Tortoise
14f09f11-b086-483f-9104-ef01f0cc278c,I'm not sure. Let's skip it.,Narrow,Square,Two-Tone
167e49cb-79a5-47e1-a2c8-7a1dca6b4a04,Men's Styles,I'm not sure. Let's skip it.,No Preference,Black
950b454c-fe9b-4a38-8ef1-eeb2ba6979cd,Women's Styles,I'm not sure. Let's skip it.,No Preference,Neutral
9b7ed315-6708-4640-860a-43c41ccec918,Women's Styles,Medium,Round,Two-Tone
458e1481-b26f-44f6-8179-9e3ab1297367,Women's Styles,I'm not sure. Let's skip it.,Rectangular,Tortoise
0071aaaf-4709-4f6c-b9c0-5ca39ef5bb19,Women's Styles,Wide,Rectangular,Tortoise
529005d1-61a1-422a-8b82-165dd4752a2c,Men's Styles,Medium,Round,Tortoise
2f3eb3cd-bbc5-4448-9dde-e177a3264b6c,Women's Styles,I'm not sure. Let's skip it.,Square,Crystal
5d826e1d-0a6f-4132-9a33-e0f934419c35,Women's Styles,Wide,Square,Black
3b33c2a8-b340-4e23-9fbc-c84057eee263,Women's Styles,Wide,No Preference,Crystal
f547d775-53fa-475c-84e4-d8860962d0ce,Women's Styles,I'm not sure. Let's skip it.,No Preference,Crystal
c848311e-ca88-4e76-a7ab-e213ab0cf494,Men's Styles,Narrow,Square,Two-Tone
d75d0954-16ef-4f47-9d66-8974546873cd,Women's Styles,Medium,No Preference,Black
17ae1e8c-c1a6-43e0-810d-f10d991bbadc,Women's Styles,Narrow,Rectangular,Tortoise
a095883a-078d-4c0b-8111-acf8daf07f11,Women's Styles,I'm not sure. Let's skip it.,Rectangular,Crystal
14bfad9b-5e32-44b3-9813-e95093922369,Men's Styles,Narrow,Square,Two-Tone
d7fab249-a5b3-4878-b314-87cba0c2d9fe,I'm not sure. Let's skip it.,Medium,Square,Black
80fe9122-b1af-49c4-a04f-7ad5ebcc0444,Women's Styles,Narrow,Square,Two-Tone
5166170f-8ec6-44ee-8701-2a54f13d71ce,Men's Styles,Medium,Rectangular,Black
a1d0d62c-607d-4c7d-8175-8ce0994f07ea,Women's Styles,Medium,Rectangular,Black
26d11aba-dd94-4c18-ae11-0df609a9b336,Women's Styles,Narrow,Rectangular,Crystal
fddc7372-c5f9-4f79-85e0-4e181a6e1935,Men's Styles,Medium,Square,Tortoise
0d32fe21-67a7-4ea5-b036-8a12e7f6dfd1,I'm not sure. Let's skip it.,Narrow,Rectangular,Crystal
f0cb4dae-9602-4776-a4f6-1cff293d8bd5,Women's Styles,Narrow,Rectangular,Black
e0db7e4a-6b68-43b8-998d-abafeede69dd,Men's Styles,Wide,Square,Neutral
3cbdf084-935d-4e1a-bb38-cde1ee286032,I'm not sure. Let's skip it.,I'm not sure. Let's skip it.,Rectangular,Black
d54d6483-3562-4d77-9aca-b9258794d508,Women's Styles,Wide,Rectangular,Crystal
79658966-8c5c-4e27-a70f-537cf0c61b07,I'm not sure. Let's skip it.,Wide,Rectangular,Neutral
cd5c37d5-b46e-43bb-8432-37ffadfaa6e2,Men's Styles,Narrow,Square,Tortoise
1aa3ecc4-8dcf-4569-a654-1055345ab568,Men's Styles,Medium,Rectangular,Black
a91fc214-71d0-418a-8aa8-be20e301f832,Women's Styles,Wide,Square,Tortoise
fe5965b3-7f19-4a71-931a-b470c54a7004,Women's Styles,I'm not sure. Let's skip it.,Square,Black
8b5f1799-1d86-4aac-b5b3-3c9285e40b62,Women's Styles,I'm not sure. Let's skip it.,Square,Black
0cb9ec91-32a9-4b5b-a828-fa15f35a844c,Women's Styles,I'm not sure. Let's skip it.,Square,Neutral
b3df0312-d585-4c0e-bce3-551d75f6b01d,Men's Styles,Medium,No Preference,Tortoise
01bfb854-06c7-4b6c-a350-a9dda10a84f4,Women's Styles,Medium,Square,Two-Tone
597b59bb-53fa-427f-b231-b0630073df8b,Women's Styles,Narrow,Square,Neutral
a1bfe297-a677-4c21-b5ae-d9082e08da9a,Women's Styles,Wide,No Preference,Black
21ff57c1-8266-4e87-a135-8a1179876a9b,I'm not sure. Let's skip it.,Narrow,No Preference,Black
a1d2f393-da70-4699-aee3-c5e19dfbd003,I'm not sure. Let's skip it.,Wide,Square,Neutral
062aeddb-6e4c-4096-8d87-7637623eebc3,Men's Styles,Narrow,Rectangular,Neutral
3c051485-4f17-456b-b402-7be64ea053c8,Women's Styles,I'm not sure. Let's skip it.,Round,Black
66bf9dd6-601b-453a-9ab0-968367e473a9,Men's Styles,I'm not sure. Let's skip it.,Square,Two-Tone
0e049740-77c7-4de0-a9e2-861c8f2c6ef9,Women's Styles,Narrow,Rectangular,Crystal
79958985-7f83-4bb0-a461-e99a45169d99,Women's Styles,Medium,Rectangular,Neutral
5cb79601-d98b-4608-961f-6cf9a34ce00c,Men's Styles,Narrow,Round,Tortoise
708af020-4273-45ca-8b3f-a0efaa846925,Men's Styles,Wide,Square,Two-Tone
3d6c39c4-d565-4f0c-9950-2e57929f987e,Men's Styles,Narrow,Round,Crystal
7f96bbf3-0a67-483a-94db-98b5c58144e2,Men's Styles,Narrow,Rectangular,Tortoise
a14f75b8-0782-4f04-a918-fffcf860fd7a,Men's Styles,I'm not sure. Let's skip it.,Square,Tortoise
5efdb392-9708-4883-af38-cf201db92ef6,Women's Styles,Narrow,Rectangular,Tortoise
a3c131c1-d1d0-41da-b58b-e6f4b9c8b0c8,Men's Styles,Narrow,Round,Black
d97ca342-bfb5-48d4-9d9b-65e0c2301025,Women's Styles,Medium,Rectangular,Crystal
3d4f5211-afc0-4338-a623-fdba56fbcc82,Men's Styles,Medium,Rectangular,Neutral
29243943-173a-4f67-84fa-84f1d076b29b,Women's Styles,Narrow,Square,Tortoise
8e52eb7b-1a60-4747-bba4-a704fa67451c,Women's Styles,Wide,Square,Tortoise
e20d5ac4-521f-4197-b0ef-0288b1df8ef5,Women's Styles,Medium,Round,Tortoise
0f7d518b-56b0-4b87-9501-cd5741417e42,Men's Styles,Narrow,Rectangular,Crystal
a843a290-9753-43a9-881e-59a5cabfa6a9,Men's Styles,Wide,Rectangular,Two-Tone
56a8e670-0df9-4687-9843-40c7a16cd1c4,Men's Styles,Medium,Rectangular,Tortoise
6176515d-c7c3-49b1-8020-065e40efc723,Women's Styles,Medium,Round,Crystal
1c021a2a-6caf-428a-b04b-f7df7c15884c,Men's Styles,Narrow,Rectangular,Tortoise
451181ac-8ded-488e-9a63-048bab5c38f4,Women's Styles,Narrow,Rectangular,Crystal
6014c140-0c33-48d8-9ef8-22844b390465,Men's Styles,Narrow,Rectangular,Black
211b6fe8-aafb-4406-ba76-dcf9363fa0d8,Women's Styles,Medium,Rectangular,Crystal
d7c08c9e-0e46-4032-88ca-070d089ec70d,Men's Styles,Wide,Rectangular,Tortoise
249d7db3-add4-4e1e-b7bf-d1b29972f5b1,Men's Styles,Medium,Square,Tortoise
f1eff90f-9985-41cc-a57c-1e193a3f6793,Men's Styles,Narrow,Round,Black
9d75d1c7-6b59-42df-a719-b47c116064b3,Men's Styles,Medium,Round,Neutral
466a00dd-3754-451b-86da-c1d292f6328a,Women's Styles,Narrow,No Preference,Crystal
84b4e7c5-edb8-4e32-90cc-f620017e40a8,Women's Styles,Wide,Round,Neutral
c6f47ff8-8852-48d9-8e48-227c1b71d03f,Men's Styles,Narrow,Square,Tortoise
a0add57b-f0f4-480a-8bcf-fd5040a79803,Men's Styles,I'm not sure. Let's skip it.,Round,Tortoise
f60b8c2a-08b7-47f2-b3bf-28b558c005e6,Women's Styles,Medium,Round,Black
c90356be-23f8-4c35-b5a4-e77fababd7f4,Men's Styles,Medium,Square,Black
18aec2e8-cf17-4c66-a711-962135877b4c,Men's Styles,Narrow,Round,Two-Tone
58124d05-8c2e-473e-bbe2-96c97b50b8f1,Women's Styles,Wide,No Preference,Tortoise
c06eea38-3c5a-4c40-ab9c-0f3476dbcfda,Men's Styles,Narrow,Rectangular,Neutral
1b528c80-5c0e-430b-b6b4-0409c0f02b76,Women's Styles,Narrow,Rectangular,Tortoise
405cc9ff-ad3e-4896-912f-87f640fdaf93,Women's Styles,Medium,No Preference,Tortoise
9ecdef33-7e72-43a2-b7c8-5f6ecbeeb150,Men's Styles,I'm not sure. Let's skip it.,Round,Black
9a151436-0e4d-40b6-91f1-304084fa4ca8,I'm not sure. Let's skip it.,I'm not sure. Let's skip it.,Rectangular,Tortoise
7729af45-030c-439e-9eb8-2311ce0e53ab,I'm not sure. Let's skip it.,I'm not sure. Let's skip it.,Rectangular,Tortoise
568ace46-c230-4b1d-a2e2-61f9ab8f4399,Men's Styles,Narrow,Round,Crystal
bd70c0b4-f620-4601-af95-14b470873653,I'm not sure. Let's skip it.,Medium,No Preference,Tortoise
6f235104-40df-4e4c-886e-19809c8690ee,Men's Styles,Medium,Rectangular,Neutral
2d2e0216-7116-4db6-937c-8991e38817b7,Women's Styles,Medium,Round,Tortoise
e0db2318-c043-4bbe-be72-70d8580b830d,Men's Styles,Wide,Rectangular,Tortoise
e55c657f-3fd1-43e8-beb0-de2ce8418f21,Men's Styles,Narrow,No Preference,Tortoise
bd6c7c7c-bd97-4065-b911-f6ddd4b7eb35,Men's Styles,Medium,Rectangular,Neutral
a822d32c-2153-47a4-bae4-4262e694f807,Women's Styles,I'm not sure. Let's skip it.,Rectangular,Tortoise
3f4b470a-2a12-4a72-9b4c-87ec84ba7c2b,Men's Styles,Medium,Square,Black
4d53bec8-b611-4538-9280-1bda25985492,Men's Styles,Narrow,Rectangular,Black
2b6affe0-d4e5-4b2c-8b7b-59426c6a8c7b,Men's Styles,Narrow,Square,Black
39c50db2-0a6d-4e47-9c5b-767332d63f2f,Men's Styles,I'm not sure. Let's skip it.,Rectangular,Two-Tone
02fe70ff-5249-4cc0-aa52-a643caffbea7,I'm not sure. Let's skip it.,Medium,Square,Tortoise
8d3e7142-e5fe-4978-8b5d-be661ace2f58,Women's Styles,Wide,Square,Black
d6664a1b-2c31-4736-be8d-b15e6895c487,Women's Styles,Narrow,Rectangular,Tortoise
5518611c-7905-47e2-8f92-bf1cf8f31555,Men's Styles,Wide,No Preference,Black
ed0c4276-9b7e-48ee-b6f0-5862b5c47001,Women's Styles,Medium,Square,Tortoise
10f1083c-4052-4c7e-b5bb-4d1222cafd3d,Women's Styles,Narrow,Round,Black
a853d3dc-7388-4889-b589-50c09269ae19,I'm not sure. Let's skip it.,Wide,Rectangular,Black
08b95db7-55fb-4e53-bfd8-b6918e3683cb,I'm not sure. Let's skip it.,Narrow,Rectangular,Crystal
c2e78791-11cc-46db-bd26-cd19f9042551,Men's Styles,I'm not sure. Let's skip it.,Square,Black
69412bb7-c390-4fbb-919d-58b44472aab6,Men's Styles,Narrow,No Preference,Crystal
2a2dd222-34b3-4156-815b-5ea07f3b3874,Men's Styles,I'm not sure. Let's skip it.,Square,Tortoise
368f242a-e5af-4bf7-b166-ba04aae771f3,I'm not sure. Let's skip it.,Narrow,Square,Crystal
099cb16f-1f90-49de-aac2-969a8c0b9464,Men's Styles,Narrow,Round,Tortoise
43d0cebf-da80-4433-8c1b-dcb4d381aec9,Women's Styles,Wide,Round,Black
f8ebeaee-4fc2-4793-8abf-862bb9af5530,Women's Styles,Narrow,Square,Tortoise
93b6a481-1422-4d54-a6a0-939340f5179e,Men's Styles,Narrow,Square,Neutral
a95192f1-3a42-4cfc-8fe2-406839c58a61,Men's Styles,Narrow,Square,Black
fb4ca2c2-1d48-44ed-a7dd-3802c4b8bbfa,I'm not sure. Let's skip it.,Narrow,Round,Tortoise
707def3e-531e-403c-935c-9731e874e679,Men's Styles,Medium,Square,Tortoise
8d78955e-6580-48a9-9aae-e408909cfe3a,Men's Styles,Narrow,Square,Neutral
31b2b185-aca9-4823-8314-77042d62820b,I'm not sure. Let's skip it.,Medium,Square,Black
8c13d220-ac47-4a6c-8c79-9275fbe3c924,Women's Styles,Narrow,No Preference,Black
11793cc1-c1ee-4d2f-8f43-a027a922d0d7,Women's Styles,I'm not sure. Let's skip it.,Rectangular,Two-Tone
6f2543a5-5c0d-4035-b56a-7111ba579e66,Women's Styles,Narrow,Rectangular,Crystal
66406668-0156-4a93-af00-2a72256fd868,Women's Styles,Narrow,Rectangular,Black
0a82618f-7e18-4ff9-9786-88fe038c6b5b,Women's Styles,Narrow,No Preference,Crystal
e94ed798-2d21-4800-93ee-9da64e3843e0,I'm not sure. Let's skip it.,Narrow,Rectangular,Crystal
aa51e546-5694-4639-9ff3-b7b8222e269e,Men's Styles,Narrow,Rectangular,Black
18200545-836c-4e37-8647-19ff88a76d8f,Women's Styles,Medium,Rectangular,Tortoise
da6cf150-c3fa-43d3-9764-0e0a23a6caf9,I'm not sure. Let's skip it.,Narrow,Rectangular,Crystal
1a5e01bd-a377-44f8-bb8e-4ba64d9561db,Men's Styles,Wide,Square,Crystal
8ddb4013-b1f5-4504-899c-87cf379f2789,Women's Styles,Narrow,Round,Tortoise
15b02831-6f81-4282-b8f7-9354de77a11b,Women's Styles,Medium,Round,Tortoise
1900dd8b-4587-46a3-b493-1e890e65c9e6,Women's Styles,Narrow,Round,Black
1316eba1-7398-4d6c-88d5-b7d829e2ecc8,Women's Styles,Narrow,Rectangular,Tortoise
6b1d1d28-2dae-49a3-8ba0-be816af0adbf,I'm not sure. Let's skip it.,Narrow,Rectangular,Tortoise
0c134039-75d0-40da-a42b-c0d4f2ab9fbb,Men's Styles,I'm not sure. Let's skip it.,Rectangular,Black
64a5806d-72ad-4655-9ccc-5a4a3d5bed05,Men's Styles,Narrow,No Preference,Crystal
840ec2b7-8b10-45ee-b406-1df86675d5a8,Men's Styles,Wide,Round,Two-Tone
2062e1b6-4dfe-4b9d-a1fd-a5cbcfd9ffa7,Men's Styles,Medium,Rectangular,Tortoise
c61ef2ff-e2a5-4049-828d-30972cd2cccc,Women's Styles,Narrow,Round,Tortoise
aa44ab9a-06de-4efb-bd2d-a64c678179d9,Men's Styles,Wide,Square,Tortoise
051ae241-00fa-432a-bdee-ae0c759172a7,Women's Styles,Wide,Square,Neutral
241636b2-eb4a-44d0-bdba-f5c5edee1a99,I'm not sure. Let's skip it.,Medium,Square,Black
22feb348-633a-4b72-aa5f-4348e13f83f8,Women's Styles,Medium,Rectangular,Tortoise
95faca01-0507-4528-97cd-48b2d6f7991c,I'm not sure. Let's skip it.,Narrow,Square,Crystal
28deff0f-56d7-4fab-9037-5a0675bde10e,Men's Styles,Medium,Square,Tortoise
aba9770c-4fb7-4b89-ba30-3e02fb820382,I'm not sure. Let's skip it.,Wide,Rectangular,Neutral
9f08b918-bc4d-42e9-9c62-f454320077d6,Men's Styles,Medium,Round,Neutral
69cce3ba-49ab-470a-80dd-09de441c37ae,Men's Styles,Medium,Rectangular,Tortoise
c3d78ea7-eb03-41c6-be31-81b0c2d94aea,Women's Styles,Wide,Rectangular,Black
0216da70-2a4e-478f-a292-b3f18a161a36,Women's Styles,Narrow,Round,Black
d60de5a8-42c3-4f7e-bb0e-6a3cff1263c5,I'm not sure. Let's skip it.,Medium,Rectangular,Black
c4d14e78-864b-4eb8-8454-d4b46ad48dcd,Women's Styles,Wide,Square,Crystal
3a3f4a2d-1511-4059-b87e-e2a503a587bb,Women's Styles,Narrow,Rectangular,Neutral
235ca178-ea2d-4c26-ab70-0417159aca29,Men's Styles,I'm not sure. Let's skip it.,No Preference,Tortoise
f361c567-4994-47a9-892b-b429d0ddb4d7,Men's Styles,Medium,No Preference,Black
736b9719-4e2b-49c6-8bbc-30d22be998d1,Women's Styles,Wide,Rectangular,Black
c06e9637-c3be-4cc5-b133-fac744b0ce08,Men's Styles,Medium,Rectangular,Crystal
ad535b73-e9bb-4ca8-a95d-97dc37a50e99,Women's Styles,Narrow,Rectangular,Black
da8d654d-1718-4ad3-98b3-762fd58a2d8f,Women's Styles,Medium,Rectangular,Tortoise
65fab5e3-2521-431e-a5bf-bd4a7668857a,Men's Styles,I'm not sure. Let's skip it.,Square,Crystal
df6ab15d-02b2-43d4-8627-d40c4f9d9d27,Men's Styles,Narrow,Rectangular,Tortoise
96fa761a-10df-41a9-94b6-04bf7ba95ef9,I'm not sure. Let's skip it.,Medium,Rectangular,Black
46aa2474-0c33-4fc9-8b95-0c27f7d6aab1,Men's Styles,Narrow,Square,Black
0de09b58-0b39-47f2-9822-db8d6eb5d32e,Women's Styles,Wide,No Preference,Crystal
97186edc-efc4-44d5-9a41-dc3a23ae6d24,Women's Styles,Narrow,No Preference,Two-Tone
302fbdc7-90cd-4cd6-abdc-179fb806e4c7,I'm not sure. Let's skip it.,Narrow,Square,Two-Tone
2f1d8ed5-1f5c-49ee-8b9e-52d8869d22e0,Women's Styles,Wide,Round,Two-Tone
07dcc305-6fe5-465b-b21f-53d199426ced,Women's Styles,Narrow,Rectangular,Black
15fec4f4-cda3-4eff-8b74-4029bc3de3a8,Men's Styles,Medium,Rectangular,Crystal
bcca783f-845d-4bf0-9203-6fd9fa1b349a,Women's Styles,I'm not sure. Let's skip it.,Square,Two-Tone
586ad43c-1a78-4423-b4b7-4073d98c82fb,Men's Styles,Narrow,Round,Tortoise
4c98f6e3-a324-4060-9ad8-d829a07e9db6,Men's Styles,Wide,No Preference,Two-Tone
69e5b3dd-592f-4a7f-8241-d7ee54c89ffc,Men's Styles,Narrow,Round,Crystal
a03a2ee7-95bc-495b-854d-d0bc8a112996,Women's Styles,Medium,Square,Two-Tone
cf83bbeb-e293-4846-9d3e-51bf3bab4b98,Men's Styles,Narrow,Round,Black
14ade29e-59f4-4bda-b0f7-46e2a0372332,Men's Styles,Narrow,Square,Black
399e88a3-ad14-4d95-84b8-2ef46d6affae,Women's Styles,Medium,Square,Black
2cd0d472-5665-448a-99f1-bfeae3b1ad3b,Women's Styles,Narrow,Square,Neutral
447be9df-0604-489f-be9a-b71e5a92d457,Women's Styles,Medium,Rectangular,Neutral
1502b8f1-fca2-41eb-b393-3f52373095bc,Women's Styles,Narrow,Square,Two-Tone
ccd427e8-35bc-466b-8550-5943219de137,Men's Styles,I'm not sure. Let's skip it.,Rectangular,Black
261c2590-d4dc-431e-a2a6-b495a13a938b,I'm not sure. Let's skip it.,Wide,Rectangular,Tortoise
aed87896-7b7b-41d0-81df-36ada2c9b9c9,I'm not sure. Let's skip it.,Wide,Rectangular,Black
e519b6ba-c474-43ef-b89c-3686da71760b,Men's Styles,Narrow,Round,Tortoise
78bcd42b-d0e8-40ca-b8ac-057356bc7000,Women's Styles,Wide,Square,Neutral
51457671-fe2f-457d-9be2-4805f2e8bd86,Men's Styles,Narrow,Square,Black
a31ecf79-cd77-4481-849e-4a6438c064f6,Men's Styles,Narrow,Round,Black
adf201ea-dae1-4091-9fff-f02a399ebb12,I'm not sure. Let's skip it.,Narrow,Round,Crystal
a1ccdd88-af3e-4d1d-8d49-2d9ef33d1cab,Men's Styles,Wide,Square,Black
6ad4ec11-c1ee-45b7-b1d7-a9e32aa64712,Men's Styles,Wide,Rectangular,Crystal
56842446-17d5-4766-b65a-ebb6bfd27358,Men's Styles,Narrow,Rectangular,Crystal
0c414186-1592-4f86-8283-7ba78c85b926,Women's Styles,Wide,Rectangular,Tortoise
152804db-c571-498f-97f0-73ecd2ed2e24,Women's Styles,Narrow,Rectangular,Crystal
b2175bf3-4831-4519-8c0e-ef1f5786937c,Women's Styles,Narrow,Rectangular,Two-Tone
60caa5cd-0178-44b6-bf67-a6b7c1d8fa48,Women's Styles,Narrow,Round,Crystal
54aeeb6c-92ab-4988-a65a-3100c9290db9,I'm not sure. Let's skip it.,Wide,Round,Crystal
867b4ba2-6aa8-47da-97c6-1d2e4d0f16a1,Women's Styles,Medium,Round,Black
de79b989-9968-44fa-960f-7739f291be2a,Men's Styles,Wide,Round,Black
bcf143fa-3a67-452b-b1ac-f6351bb759f8,Men's Styles,Narrow,Rectangular,Black
d6983bdb-5bff-4d72-ad74-81868f1b7cbf,Men's Styles,Narrow,Square,Tortoise
23b4616b-1067-41ed-8322-c5d3ce954b38,Women's Styles,Narrow,No Preference,Tortoise
066ec74a-51cb-4da4-8bd9-18709f0de4fb,Men's Styles,Medium,Rectangular,Black
bbbad369-2f4c-4b0b-8be1-f9cd4cc5a69d,Men's Styles,Wide,Round,Tortoise
e2699c21-5632-401a-8cf9-62e47a1c0857,Women's Styles,Narrow,Square,Black
ca4e1ac2-9687-4a10-b835-1bc5f372b1be,Men's Styles,Narrow,Rectangular,Tortoise
79f3da2a-facd-44a9-a4c1-d81256ea6840,Women's Styles,Wide,Square,Tortoise
c3f9b9c9-9891-4f0d-9cdf-d70b0dad017c,Women's Styles,Narrow,Square,Tortoise
897b6fe7-22b0-4aaf-b508-ac7eb59b5f35,Women's Styles,I'm not sure. Let's skip it.,Rectangular,Tortoise
95a5e86e-94be-4651-846b-022105af5d29,Women's Styles,Narrow,Square,Two-Tone
a4a90445-cb56-4397-a737-9993278f8d82,Women's Styles,Wide,Square,Black
ed425b7d-d704-4a4a-9695-2bf0271ceb80,Women's Styles,Narrow,No Preference,Crystal
9d712fd8-d662-42d1-8ec0-e04ef0fd8178,Men's Styles,Wide,Square,Crystal
532d8a2e-02c0-4ae9-b03e-f41fdc2d5f6a,I'm not sure. Let's skip it.,Wide,Square,Neutral
f36abb61-8f06-456f-ad35-0a55e14cb47f,I'm not sure. Let's skip it.,Medium,Square,Black
951d5853-dd6e-4d34-afc9-117175d70421,Women's Styles,Narrow,Round,Black
6a76d3b1-c782-4964-953e-9616de3ecf7d,Women's Styles,Narrow,Rectangular,Two-Tone
311ed449-5686-4b04-9d58-6ec43d81f4b3,Men's Styles,Narrow,Square,Two-Tone
b2a28ffd-106e-4c23-bfed-1b4291c53979,Men's Styles,Narrow,Rectangular,Tortoise
62806531-09cf-4f71-9718-0aa97ecd3cfa,Women's Styles,I'm not sure. Let's skip it.,Rectangular,Neutral
bc12b57d-4f0d-4187-a8d6-154f1d3cb864,Men's Styles,Narrow,Round,Black
8428125d-f18f-444f-8e48-9584737bb43f,Men's Styles,Narrow,Square,Black
0a7c6cd5-7e49-45eb-b8bd-8e1db2cf74bb,Women's Styles,Medium,Square,Tortoise
4d4d48e3-f37b-4d6b-89f6-d98eadfdc23e,Women's Styles,Narrow,Rectangular,Tortoise
edf05eba-2710-4143-9fe7-f254ed684e86,Men's Styles,Narrow,Rectangular,Two-Tone
a4aac0b7-eb72-46b5-b7d4-2b7f623ff2e5,Men's Styles,Medium,Round,Black
fe8b2e6c-7038-46f7-859c-2eded5f057c6,Women's Styles,Narrow,Square,Two-Tone
3d5c4e15-e9f7-4b38-9cf0-baa4d6f9b1c3,Women's Styles,Narrow,Square,Crystal
fc0a2a5c-9009-41e9-8dfc-ee670b6691f3,Men's Styles,Medium,Round,Crystal
407fc955-fb4b-46c7-9800-9bf6311547a3,Women's Styles,I'm not sure. Let's skip it.,Rectangular,Neutral
2b237cb5-9fd4-4651-a9b0-03fb9213762c,Women's Styles,Narrow,No Preference,Neutral
2f9424db-1355-4f3d-a79c-60c000c989ec,Men's Styles,Wide,No Preference,Crystal
7cbffd9f-516b-418f-a9ea-8c0ac95a1f3d,Women's Styles,Medium,Rectangular,Tortoise
9812334b-2519-41b3-8efe-0406a7ecb0a3,Men's Styles,Medium,Square,Crystal
16187ac3-4e37-4f12-808b-b5681c03a3fa,Men's Styles,Wide,Rectangular,Crystal
4d0b9996-dfba-4eeb-a801-dcf7c636dcbb,Women's Styles,Narrow,Rectangular,Tortoise
fa66ee8d-7327-42cb-9bea-d0ad37bf566d,Men's Styles,Wide,Square,Two-Tone
1fef571b-e0c3-4154-b79d-2afc4636b6b9,Men's Styles,Medium,Rectangular,Black
87fb8351-1590-4f33-8e95-f0793bf96f44,Women's Styles,Narrow,Rectangular,Crystal
7b85f45a-d049-4408-b26a-d7b86c5df03b,Women's Styles,Narrow,No Preference,Black
c64026bf-7353-4c63-9d32-e7c836f972f3,Women's Styles,Wide,Square,Tortoise
f928ea8f-462d-403f-9b79-f3104b6636f4,Men's Styles,Narrow,Round,Crystal
95da8260-abed-4304-92fc-8a89006907c5,Men's Styles,I'm not sure. Let's skip it.,Round,Tortoise
ecb6518b-c06c-4b87-8a88-90457b81bb9c,Women's Styles,Narrow,Rectangular,Neutral
ec598a1e-b1bd-4368-b862-c472dbebec40,Men's Styles,Narrow,Rectangular,Tortoise
f9d47ad7-77f5-4fec-b28b-7bff7b2346c0,Men's Styles,Medium,Square,Black
45c4800d-50fe-4a80-8bd5-664d658a0ae7,Women's Styles,Narrow,Rectangular,Two-Tone
a2ce4742-b87d-4775-8ffa-e2a40141bccc,Women's Styles,Medium,Square,Tortoise
128d37b7-7854-4430-938f-b894fa4e8734,I'm not sure. Let's skip it.,Narrow,Square,Neutral
b3a1ad86-a74e-4b66-86bc-30edef7b70a1,I'm not sure. Let's skip it.,Medium,Square,Tortoise
e295d71f-8cc7-4a66-a52f-3dbc5fe9438d,Women's Styles,Medium,Rectangular,Tortoise
3e26ea14-7df8-4414-bce9-5625bd159a1b,Men's Styles,Narrow,Rectangular,Black
6ad530c6-9b76-4f48-8baa-4a1e41207eb9,Men's Styles,Wide,Rectangular,Black
de3dc1e4-fc46-4633-88fb-e7616e1fdbf4,Women's Styles,I'm not sure. Let's skip it.,Square,Black
c2ffcf0d-6f5b-46d2-8702-696625264648,Women's Styles,I'm not sure. Let's skip it.,Round,Crystal
10409eee-5548-40d8-a21e-9fdcbe3be134,Women's Styles,Medium,Square,Neutral
21b4c65f-2823-440b-ab07-7f193aaa6ff0,Women's Styles,Medium,Rectangular,Black
d67d022d-0f65-4f02-ab94-5f90868f191a,Men's Styles,Narrow,Rectangular,Neutral
f3a01a9a-196a-4eb4-a5a9-2cc7605dba4d,Women's Styles,Medium,No Preference,Tortoise
b7cf45ec-bc26-41b3-83f1-3595bebef5ac,I'm not sure. Let's skip it.,Medium,Rectangular,Black
6b78cb2a-d3df-41cd-8f63-7b9fd2085c30,Women's Styles,Narrow,Square,Tortoise
26e818d0-ccb7-4fb1-85f0-5edcde9615e4,Women's Styles,Narrow,Rectangular,Black
c7ae5436-06b8-491e-a89f-17f5c63685df,Women's Styles,I'm not sure. Let's skip it.,Round,Black
a9d746ec-6aed-486d-99eb-ecc32e984ab6,Men's Styles,Narrow,Rectangular,Tortoise
a5971a2f-5901-4536-99b5-7054734c2ce7,Men's Styles,I'm not sure. Let's skip it.,No Preference,Black
7b3a4255-2bcb-4c02-8d2a-f7655c1f60d9,Women's Styles,Medium,Rectangular,Black
d313f86f-87de-4db9-a666-0b953386b7ef,Women's Styles,Narrow,Round,Neutral
1e207fee-ed79-4325-be43-4bc140401074,Women's Styles,Narrow,Square,Black
9ab9de33-b199-446f-a743-1faeacf2697c,Men's Styles,Narrow,Rectangular,Two-Tone
c33531a5-43bc-4fb4-a159-c93b33d226c3,Men's Styles,I'm not sure. Let's skip it.,Square,Tortoise
b0880640-1c2a-4e99-bcd3-4e0d19c03fe9,Men's Styles,Medium,No Preference,Black
255ae15d-fd6b-494a-9a47-2e441df6c5a0,Women's Styles,Narrow,No Preference,Neutral
7721a9f9-ee09-4404-9c79-d7d40d02b5f5,Women's Styles,Medium,Round,Crystal
71231aaf-bee4-4b2e-8a42-9e4c2b0a4b11,Men's Styles,Narrow,No Preference,Neutral
e45f88c2-5c0e-425d-b489-15b688b50caa,I'm not sure. Let's skip it.,Wide,Rectangular,Crystal
ee187b7d-1d51-4ebd-89a8-6e50e85e5faa,Men's Styles,Medium,Square,Neutral
b56c0775-fe08-4b86-8910-f4fb7d45f3f5,Men's Styles,Medium,Square,Crystal
a5527c12-4149-4f43-ab37-a09d01fd9bdb,I'm not sure. Let's skip it.,Wide,Square,Black
2ebc2d25-a0bb-48f7-967f-44b6bd62d756,I'm not sure. Let's skip it.,Medium,Round,Black
92432361-2b11-40ca-bfde-2b7a7dba71a0,Women's Styles,Wide,Square,Crystal
bf557323-097c-4156-8781-5fe8dde446a1,Women's Styles,Narrow,Rectangular,Crystal
ebd389b9-251a-43d7-a41a-94c416fefaa7,Women's Styles,Narrow,Square,Two-Tone
e75c21c3-4b60-46d4-84fb-5ee821225692,Women's Styles,Wide,Rectangular,Crystal
2fb99f97-ce79-451b-83e9-e9517b556b16,Men's Styles,Wide,No Preference,Crystal
b9ae86b8-fe6f-4ceb-9ace-0a97d1d552fd,Women's Styles,Wide,Round,Black
eb84fcd6-ed1e-471c-bf8c-76b19beb937b,Women's Styles,Medium,Rectangular,Tortoise
afc82694-54cc-494e-bbc8-1b0e82a7a89d,Women's Styles,Wide,Rectangular,Tortoise
56e7f7a4-0628-4d4f-9f21-ed779b33fd53,I'm not sure. Let's skip it.,Medium,Round,Black
459f36c7-5f7e-4915-8603-fde4fd746269,Men's Styles,Narrow,No Preference,Tortoise
02e30e47-bea4-4658-9f7f-8035f4e1b37f,Women's Styles,Wide,Square,Tortoise
e1068ad4-2ffa-423d-ab22-e8f4d02c1643,I'm not sure. Let's skip it.,Narrow,Rectangular,Black
34fa148c-765d-48d8-b22c-bea20a66fc3b,Men's Styles,Narrow,Rectangular,Crystal
c0eb7540-64c1-4fe7-af1a-037c4c7aa8cb,Women's Styles,Narrow,Round,Tortoise
24a3bfec-121d-44cb-833d-b8899c066144,Men's Styles,Medium,No Preference,Black
9c2af6f4-8fd7-4922-82d3-e7d92e85817d,Men's Styles,Narrow,No Preference,Black
f8b07807-4dd3-450f-8954-b07cca5dd3b7,Women's Styles,Wide,Square,Crystal
9c6e07a0-b905-4d72-bccf-6124a220c930,Men's Styles,I'm not sure. Let's skip it.,Rectangular,Black
d4932c37-011d-41b9-b52d-438fbbeb16e0,Women's Styles,Narrow,Square,Black
acd6a0a7-b017-4e9a-94ad-44ed617c3bcb,Women's Styles,Wide,Round,Tortoise
3415afd3-406f-491e-a00a-1a786855fe88,Women's Styles,Wide,Square,Two-Tone
4218182e-bb58-4cdf-8a69-c5efca3f5b23,Men's Styles,Wide,Rectangular,Neutral
a749c340-2474-41d5-9180-2e3bd710066f,Women's Styles,I'm not sure. Let's skip it.,Square,Tortoise
4248986c-5638-403c-9b41-59ed3e8e956e,Women's Styles,Wide,Rectangular,Black
9c4306dc-53c2-4f8f-afa9-c496cbf9871c,Women's Styles,Narrow,Rectangular,Neutral
da1194b5-9ad8-40d8-b0cc-22795aaa56ff,Men's Styles,Medium,Round,Crystal
2814c430-32f4-416a-94e8-ef3e929c550d,Women's Styles,Wide,Rectangular,Crystal
a8d88127-b089-4ff1-82a5-eda9b5a1304d,Men's Styles,Narrow,Round,Black
dde631b5-3763-42cb-aab0-dc3ca6367f03,Men's Styles,Narrow,Square,Two-Tone
d66dcf7e-112d-4a86-bb26-61b2add9cb11,Men's Styles,Medium,Square,Crystal
6b7a2c24-397c-4809-b0f1-b73a393f815b,I'm not sure. Let's skip it.,Medium,Round,Two-Tone
2a67bbdd-ac2c-40c2-9fac-c7ea49cbeb30,Men's Styles,Wide,Rectangular,Tortoise
7ebe9288-d006-48ae-9409-c73ca06fa69d,I'm not sure. Let's skip it.,Wide,Square,Neutral
3a19fa78-5fcc-444e-90f4-d40aa308157b,Men's Styles,Medium,Rectangular,Two-Tone
8503defb-dc67-4dad-be16-b62e7c748478,Women's Styles,Wide,Square,Two-Tone
3d48700d-4204-47d9-beae-66bd60928eb3,Men's Styles,Wide,Rectangular,Crystal
e60022fd-11de-41eb-92ae-5be924dd10cd,Women's Styles,Medium,Rectangular,Two-Tone
34a2e79b-81a5-407a-a0a6-331ecb6f88d6,Women's Styles,Wide,Rectangular,Crystal
e5b08f6e-cd46-4016-b139-0e7f9ff9b801,I'm not sure. Let's skip it.,Narrow,Rectangular,Black
34f79762-75ac-42c5-b082-45eaa058508b,Men's Styles,Wide,Rectangular,Tortoise
8f7f40a0-aa55-460f-a9dd-177b2af95668,Women's Styles,Medium,Round,Two-Tone
651b976f-1e44-4c12-9c1f-f5562e5833b2,Women's Styles,Wide,Round,Crystal
2749076c-a25a-46a2-a478-4a91f4f12c4b,Men's Styles,Medium,Rectangular,Black
ef5fe5f0-078e-4294-a7a2-4c993b564aa4,Men's Styles,Medium,No Preference,Neutral
5f5b7753-f147-4125-a306-2d80dd32d7d9,Women's Styles,Medium,Rectangular,Tortoise
9ed08560-6654-4b86-a6de-ff58cfb6e35e,Men's Styles,Narrow,Square,Black
dd032f1e-2a51-459b-aaac-ca3c417ac07e,Men's Styles,Medium,Rectangular,Crystal
5a1286dc-904b-49cc-a738-400742802443,Women's Styles,Narrow,Round,Tortoise
63a19367-0ba1-4ace-bcb5-356049b44a99,Women's Styles,Medium,Rectangular,Two-Tone
efa42a52-fa6c-491c-bcb1-0c519e78a336,Men's Styles,Wide,Square,Tortoise
8b4840de-751c-4149-bb29-03dcb5c41a74,Men's Styles,Narrow,Round,Black
b36655c0-d976-4b7a-b496-c71762b14ea3,Men's Styles,Medium,Square,Tortoise
8239741b-e0c1-447d-9f0f-197d1c7f29fb,Men's Styles,Medium,Rectangular,Crystal
d56bf1f2-7772-4014-a3d3-be1c8ffa0e9b,Women's Styles,Medium,Rectangular,Black
16726fe6-7a82-4782-92d6-d1b92951f0a5,Men's Styles,I'm not sure. Let's skip it.,Square,Tortoise
57c36a71-b6c0-438c-adeb-a861efe38101,Men's Styles,Wide,Rectangular,Tortoise
75ef7cd6-5168-4e92-a0d0-472ab315da69,Women's Styles,Wide,Rectangular,Tortoise
1d21af0f-6f06-4e10-bcde-cc2aec003471,Men's Styles,Narrow,Rectangular,Black
dbebd3b5-ef9b-4b31-9ca7-be6318ce48e7,Men's Styles,Narrow,Rectangular,Crystal
f7b5fe06-1e87-465b-a64a-8ed435e1541f,Women's Styles,I'm not sure. Let's skip it.,Rectangular,Tortoise
729b60d9-a6e2-452b-97a2-7722d9b11b25,Men's Styles,Medium,Rectangular,Black
5896c0e7-c342-4c67-b56a-32b028d7b0c4,Women's Styles,Medium,Square,Crystal
35825765-ed76-4b43-9511-3a5284abf9f6,Men's Styles,Narrow,Square,Black
86473fc5-64ad-4793-bd6b-49122029ba08,Men's Styles,Narrow,Square,Black
dbd896cc-5654-40ce-ad6a-90d7f724ddac,Women's Styles,Wide,Rectangular,Black
a75bdfd2-a452-439a-8405-1669af064089,I'm not sure. Let's skip it.,Wide,Round,Two-Tone
d30ceb9d-f8e5-4afd-a48d-15462a93676f,Women's Styles,Narrow,Round,Black
41659d7f-fb39-438f-8c9a-d191ae3fd038,Men's Styles,I'm not sure. Let's skip it.,Round,Black
e0f23fdf-3437-4605-8499-d4c7942669e5,Women's Styles,Medium,Round,Neutral
6a4c4457-54ee-4495-ab19-53bc29e5b24b,Women's Styles,Wide,Rectangular,Two-Tone
a8dc442f-ec68-463e-be9f-dd012a16a9b0,Men's Styles,Narrow,Rectangular,Tortoise
8773e937-495b-4c19-a807-d9de3e2c7865,I'm not sure. Let's skip it.,Wide,No Preference,Crystal
64106ce2-6f27-4383-9680-2eb8ef590c71,I'm not sure. Let's skip it.,I'm not sure. Let's skip it.,Rectangular,Black
fba29ff7-0fa0-44ea-ad57-4f76f7b9f42b,Men's Styles,Wide,Rectangular,Black
40eebabb-ec38-4641-a15d-ce16c08e3c36,I'm not sure. Let's skip it.,Medium,Round,Crystal
1da9d838-b305-4a37-a0ea-7cdfb2ad39a9,Men's Styles,Medium,Round,Crystal
7eac3a6a-51a2-4d36-b868-cbeea0878b96,Men's Styles,Wide,Rectangular,Neutral
e9c428c5-290b-4625-b7d4-6ac48208c657,Women's Styles,Medium,Round,Two-Tone
3acc61c3-e1fb-49b5-998e-f8cd6c50d6ff,Women's Styles,Wide,Square,Black
39fa514e-3997-468e-bb62-71dff1a383f0,Women's Styles,Narrow,Rectangular,Black
eabe02ec-67b8-483b-9771-e88aec7f8376,Women's Styles,Wide,Square,Crystal
9bc3366b-e22e-4539-a673-bf4ad3e4a2b4,Men's Styles,I'm not sure. Let's skip it.,Round,Two-Tone
098c5616-a18d-4e0f-81f8-f2c64a3f111c,Women's Styles,Wide,Rectangular,Neutral
c30f0fe7-1dcb-4ea3-8fbf-35a5f9b5c352,I'm not sure. Let's skip it.,Narrow,Square,Black
4d012b32-de71-4bd1-89d3-a8102e60aee2,Men's Styles,Narrow,Rectangular,Neutral
63998c25-1877-412c-9b36-1636d0b078f8,Men's Styles,Wide,Rectangular,Black
cc31fde9-cdd3-4ef7-badc-d5fdc12c2dd0,Men's Styles,Narrow,Square,Crystal
42af0b95-2e9d-4692-a1d1-dc256d6eb6bc,Men's Styles,Narrow,Rectangular,Black
60f6d508-8660-4e57-af0d-5df799254288,Women's Styles,Medium,Square,Tortoise
ae9d5c16-65af-47bc-a5c6-3ff97f95c625,Women's Styles,Narrow,No Preference,Tortoise
926bcbbd-1dba-42f3-9317-bec9e824ac3e,Women's Styles,Medium,Rectangular,Black
92bdb65a-830a-426d-80c1-9002cc755d3c,Women's Styles,Wide,Square,Tortoise
32566ce5-5067-489d-9140-ac809c843cd3,Women's Styles,Narrow,Square,Black
37a90dda-4356-4912-94b5-9a5d326614f4,Women's Styles,Narrow,Rectangular,Two-Tone
aa358ebd-938c-48c3-bff4-5300f9fe9997,Women's Styles,Narrow,Rectangular,Crystal
b94ede95-2742-4aeb-9b52-883af7c12c83,Men's Styles,Medium,No Preference,Crystal
f1403cc6-482e-46e3-9514-06dae4eaebff,Men's Styles,Narrow,Rectangular,Tortoise
84d4cadb-8fd8-4611-ae36-473aabd025e9,Women's Styles,I'm not sure. Let's skip it.,Square,Two-Tone
83cf4d3d-1fdb-4c49-9b31-112bbb52b924,I'm not sure. Let's skip it.,Medium,Rectangular,Black
f85f4cad-26bc-4e16-a9dd-9c421a82436b,Women's Styles,I'm not sure. Let's skip it.,Square,Tortoise
68d73eed-fe50-4509-bbfa-cfa14c26e605,Men's Styles,Medium,No Preference,Two-Tone
bf19bc51-a836-4190-929c-62498af79b59,Women's Styles,Medium,Square,Black
4d220b5d-e55b-4991-891a-f1df58b7afb5,Men's Styles,I'm not sure. Let's skip it.,Rectangular,Tortoise
b85e9471-4060-4c4b-9f2c-8bfc04194380,Women's Styles,Narrow,Square,Black
e4fd878a-b2bf-4cfb-a39e-87b63427c8ba,Men's Styles,Narrow,No Preference,Two-Tone
a4cb7b54-2e56-42e4-ae93-997131d6468d,Women's Styles,I'm not sure. Let's skip it.,Square,Tortoise
a0ec1282-cd22-402e-b9d0-10acda9e54c2,I'm not sure. Let's skip it.,Medium,Round,Two-Tone
73f0f19c-b570-4301-b46a-f79d1f2d8323,Men's Styles,Medium,Rectangular,Neutral
5d11adc7-6e36-4560-a937-3b03cded7d37,Men's Styles,Narrow,Square,Black
2204e391-e74b-4452-9220-17bc75df25e5,Men's Styles,Narrow,No Preference,Black
19eb6113-44b5-40d3-966e-1c3ad75973fc,Women's Styles,I'm not sure. Let's skip it.,Rectangular,Crystal
96e9fadb-99e9-47d4-91c1-8e4f472ecd90,I'm not sure. Let's skip it.,Medium,Round,Two-Tone
d9f27d38-57e6-4b90-88ac-14336efd0631,Men's Styles,Medium,Rectangular,Tortoise
faa7b179-77d7-4bef-97e3-2c38d3c77547,Men's Styles,Narrow,Rectangular,Neutral
f945468b-7166-4f98-a9a7-12d38e6ef8c4,Women's Styles,Narrow,Rectangular,Tortoise
ede65ebe-4649-4c52-93a4-52d86ceaba0c,Women's Styles,Narrow,Square,Black
da849ab1-b553-485c-a288-430ebe6f5f7a,Women's Styles,Narrow,Rectangular,Tortoise
bfea506d-f65f-4a28-a3e2-fed9ed028577,I'm not sure. Let's skip it.,Narrow,Rectangular,Neutral
1a171422-d5ea-421b-b858-0925d9210e3b,Women's Styles,Narrow,Square,Neutral
a7389149-cfba-46d1-b47c-eeecae9da014,Men's Styles,Medium,Round,Tortoise
ae889d41-a182-47eb-8aee-d4fe77cb1c0f,Women's Styles,Medium,Square,Two-Tone
a4f66ecf-a3c0-415f-8a3b-86f13729dba2,Men's Styles,Narrow,Rectangular,Tortoise
349fcd76-a752-4012-8936-f1a6fde8d1fa,I'm not sure. Let's skip it.,Medium,Rectangular,Crystal
f79bb213-1d30-4251-aef2-8d6311679604,Men's Styles,Wide,No Preference,Tortoise
c070f821-632c-4f8a-ab10-d30d14fff1af,Men's Styles,Narrow,Round,Crystal
29c9c623-ffc8-43c6-a7ad-3b5b3ad842d4,Women's Styles,Medium,No Preference,Neutral
47cdfd21-06f9-4485-9044-090d315bcdd6,Men's Styles,I'm not sure. Let's skip it.,Rectangular,Tortoise
81b7b041-d0ae-4144-ac64-b2b000dfb83d,Men's Styles,I'm not sure. Let's skip it.,Rectangular,Tortoise
05865913-eb3f-43bd-834d-21c55a547206,Men's Styles,Narrow,Rectangular,Neutral
05ad5cc7-5443-4b15-bfbd-9bf921399d16,Women's Styles,Medium,Square,Crystal
bdc6acf8-f87c-40cd-a0db-d687eb99afc1,Men's Styles,Narrow,Rectangular,Black
05c91dd6-13aa-44e5-87ed-01a72656a8bd,Women's Styles,Wide,Rectangular,Black
0af231dd-f0ae-4c04-8193-38d501e14da5,Men's Styles,Medium,No Preference,Neutral
079363b6-b693-456a-bf27-79a16fa3328d,Women's Styles,Narrow,No Preference,Tortoise
555254bd-93e4-4881-bdfc-cf91af799f71,Men's Styles,Wide,No Preference,Black
56d77c7d-bbf4-4a85-8e0d-bc7a75b6cc0f,Women's Styles,Medium,Rectangular,Tortoise
1188c3f2-f740-4f0c-8684-994553ef14c7,Women's Styles,Medium,Rectangular,Tortoise
e8332174-cf7f-46d8-b3b6-343ab89c4820,Women's Styles,Medium,Rectangular,Crystal
2b1a3042-bbcd-423f-b7a9-91d11b54f2de,Men's Styles,Medium,Rectangular,Black
38c3a240-eb07-43e8-86a1-8cdab22d34a4,Men's Styles,Wide,Rectangular,Crystal
e9879bb2-6a0b-4f9f-b052-df37ac9041ab,Women's Styles,I'm not sure. Let's skip it.,Square,Neutral
f0fc2b18-097d-4b6e-b769-6b30defdb5b2,Women's Styles,Wide,Round,Two-Tone
daf8d984-0cbd-4390-b764-38bda98e9127,Men's Styles,Medium,No Preference,Black
ac7e731b-bf43-4cc6-96ab-31fa619c7aff,Men's Styles,I'm not sure. Let's skip it.,Rectangular,Black
715925c9-197f-4644-898a-2207e44f27f6,I'm not sure. Let's skip it.,Wide,Round,Tortoise
84f7e10d-65cc-434b-8a49-f42bc2f7de74,Men's Styles,Narrow,Rectangular,Black
0cb58119-3cde-43dc-9cf2-b86a2314245d,Men's Styles,Medium,Rectangular,Two-Tone
4320651b-2bac-4533-b8e6-9c0b69b8df5e,Men's Styles,Narrow,Round,Black
00c7f8eb-8290-4e43-81aa-7e2b11bc497a,Women's Styles,I'm not sure. Let's skip it.,Rectangular,Tortoise
1edbba62-484f-45b8-8a5f-caf0afd13715,Women's Styles,Narrow,Square,Two-Tone
f19c1d11-0baf-415e-9771-b6e88d1dee27,Women's Styles,Wide,Rectangular,Crystal
0dac18c0-6d81-4c87-a556-67ef2203682f,Men's Styles,I'm not sure. Let's skip it.,Rectangular,Two-Tone
968467ae-5430-4a11-9fb8-abf15798f886,Men's Styles,Wide,Round,Black
22f18cd7-3c3c-408f-b6b1-0064311b77de,Men's Styles,Wide,No Preference,Crystal
eb511280-9813-4adf-8aaf-8b13971f26dc,Women's Styles,Medium,Rectangular,Black
3f5baa21-466d-4696-a187-c092c72c285f,Women's Styles,Wide,Square,Tortoise
f3d21522-9ca7-4ff1-b062-79d67fc645ce,Men's Styles,Medium,Round,Neutral
082be1b5-a238-43b4-aadb-664bd7ba0885,Men's Styles,Narrow,No Preference,Tortoise
cfdb814c-c825-40b1-a93c-fc3419fb2f69,Men's Styles,Wide,Square,Neutral
964c1ba9-ed71-4029-9dc8-75571a7ad7f0,Women's Styles,I'm not sure. Let's skip it.,Square,Crystal
a017c75e-e53f-40fa-9c93-a510fb25a747,Men's Styles,Narrow,Square,Neutral
5400d8fc-7783-4470-a93c-9e11041ccc18,Women's Styles,Narrow,Rectangular,Neutral
76cde943-4f8d-40cd-8bbc-826c07fe691d,I'm not sure. Let's skip it.,Wide,Round,Black
41ac61e7-1a93-4600-bb47-77f3a347cf2b,I'm not sure. Let's skip it.,I'm not sure. Let's skip it.,No Preference,Crystal
151374af-95b7-485b-bebd-f975c26a6911,Women's Styles,Medium,Rectangular,Crystal
b118bbc0-46cf-432a-b900-88dfd3c1d335,Men's Styles,Wide,Square,Two-Tone
76576c41-982a-47a2-804d-f5360452a07c,Women's Styles,I'm not sure. Let's skip it.,No Preference,Crystal
7e9de607-9ecc-42c0-b8df-19f277324abf,Women's Styles,Narrow,Round,Tortoise
a52af196-dd6d-44ec-b02d-05bd352c5e48,Men's Styles,Narrow,Round,Two-Tone
8f454845-2bcc-4fbe-96d5-5dfe712847a6,Women's Styles,I'm not sure. Let's skip it.,Round,Tortoise
c9208397-a374-4187-b82b-d7f9a50ea372,Men's Styles,Medium,Rectangular,Crystal
785d87f7-7381-4f64-99bb-e1ffc47913a1,Women's Styles,Narrow,Rectangular,Crystal
bf29cd8a-a1ec-4d3c-aee6-d0341591b324,Women's Styles,I'm not sure. Let's skip it.,Round,Black
1cc83bc4-0792-4916-844c-51bab6c44da2,Men's Styles,Wide,Square,Neutral
36ca2eaf-d14d-4c7e-bc25-30d46a7c6472,Women's Styles,Narrow,Rectangular,Black
d9f6edd8-9125-4e9d-9e83-8ff9507f8a09,Women's Styles,Medium,Square,Tortoise
3e839be2-fd3b-4ec7-a77c-48523352b73a,Women's Styles,Narrow,Square,Neutral
012aaeed-f8fb-47b8-b0b4-ee3c193ff466,Men's Styles,Narrow,Square,Tortoise
875cc7c9-de5b-4176-b4b9-31db2feb3c27,Women's Styles,Narrow,Square,Black
cbd173fc-a850-453c-95f0-35ad6741fe8d,Women's Styles,Narrow,Round,Black
7babfb83-1b7a-45ac-a1fc-1b5eb37da841,Men's Styles,Narrow,Round,Black
76aa1ef9-715f-40a8-99c8-9b5e5504881b,Women's Styles,Medium,Round,Tortoise
c068dc6d-06ce-44d9-b662-83fe2906f623,Women's Styles,Medium,Rectangular,Two-Tone
94d04ed3-4fdb-4f3a-a38d-1782abdbd70e,Women's Styles,Narrow,No Preference,Crystal
9ca9e603-72e4-43b2-b8a9-ff5d2febde9c,Men's Styles,Wide,Square,Tortoise
0c76c1ca-a2af-4c74-a4ab-e43fb45bbd64,Men's Styles,Wide,Square,Black
1cf36a1a-8e33-42cf-8653-39a76327153d,I'm not sure. Let's skip it.,I'm not sure. Let's skip it.,Square,Black
aa7f3a68-16a1-4138-8a2b-d1151c88ae94,Men's Styles,Narrow,Round,Tortoise
253fe234-1695-4063-89a2-59e750fb59d6,Women's Styles,Wide,Square,Black
eabb0ada-2264-47f9-9ec8-112cf9528088,Women's Styles,Narrow,No Preference,Tortoise
72767666-7037-45a2-a206-fafe8f82a27f,Men's Styles,Narrow,No Preference,Tortoise
f9044a1a-3c5e-48cc-9535-6f29c97c2293,Women's Styles,Medium,Round,Tortoise
b21f1d01-ede0-4246-a6e9-c95b3601c319,Women's Styles,Narrow,Rectangular,Tortoise
94453cf8-28e3-46c4-ae86-4b2a92632100,Women's Styles,Wide,Rectangular,Crystal
bf144c5c-870e-453d-a368-7364dd802adf,Men's Styles,Narrow,Rectangular,Tortoise
2f391e8d-38fa-4095-b0bd-f5277b9a9feb,Women's Styles,Wide,Rectangular,Neutral
b118233e-60a0-47c7-94f8-fe5608aa1e7c,Women's Styles,Narrow,Round,Tortoise
8f81d7a3-5fc7-468b-a987-cf992f4e57ab,Women's Styles,Wide,Round,Two-Tone
397b0684-510d-4351-9a71-2205853d453c,Men's Styles,Narrow,Square,Tortoise
534eae1a-9889-4b21-9258-5e93c899983f,Men's Styles,Narrow,Rectangular,Crystal
ba50a732-157f-4405-83da-34ca85103c32,I'm not sure. Let's skip it.,Medium,Square,Crystal
0a18b2c7-2d22-4b10-bb17-b2cbed3b6b23,Women's Styles,Narrow,Square,Black
328a7ab3-bdb8-48e0-be93-26b4b0d0c01e,I'm not sure. Let's skip it.,Narrow,Rectangular,Neutral
21ecfb36-8383-45b4-8c1d-07eb281f9225,Men's Styles,Medium,Square,Tortoise
4a614c30-515d-44f7-8485-991a17b9fd30,Women's Styles,Narrow,Square,Crystal
86c85f88-7714-430e-a529-16345c5254fa,I'm not sure. Let's skip it.,Narrow,No Preference,Tortoise
f8578b1a-e2ec-4b22-80bc-b4a8933aec15,Women's Styles,I'm not sure. Let's skip it.,Square,Crystal
e5a893e1-af47-42f8-b62d-36a66aa940c3,Women's Styles,Wide,Rectangular,Black
b28e177e-9749-497a-9a21-d3df775b9189,Men's Styles,Narrow,No Preference,Tortoise
151f534f-b8f9-48f3-8ba7-979b777111a6,Men's Styles,Medium,Rectangular,Black
bb291e46-cdff-4b29-b2cf-9c662a0b86bd,Women's Styles,Medium,Square,Black
1c287a9c-569b-44e7-bbd0-c19222b718f8,Men's Styles,Medium,Rectangular,Black
060476a8-c93d-485f-add3-665ebfd5394f,I'm not sure. Let's skip it.,Wide,Square,Black
243c0495-3bb5-40af-b0e3-87f20a272628,Women's Styles,Narrow,Square,Crystal
5c849bc1-19de-436d-aeb5-8e4b7f630907,Men's Styles,Wide,Square,Tortoise
16c2c09d-608d-4a89-8bdc-4f49b8f7771f,I'm not sure. Let's skip it.,Wide,Rectangular,Tortoise
5d16bfb3-8496-445c-a5fa-4d031c554aa5,Women's Styles,Narrow,Square,Crystal
bd90ff60-87e7-4520-8bc8-a4c6bf3f9f3f,Men's Styles,Medium,Rectangular,Crystal
f4b59b95-3dcf-402a-8db5-4d735df2c674,Men's Styles,Narrow,Rectangular,Crystal
e9044d6d-0616-4530-94d9-3ef1bbc72d54,Men's Styles,Medium,No Preference,Neutral
6c6fd5b5-2781-44f1-a223-40c0592bb7b2,Women's Styles,Narrow,Square,Black
e599b68f-49c4-4cc9-811e-782e4ac909d0,Men's Styles,Narrow,Square,Tortoise
b52d01cc-7dc0-41f1-974f-91d5849a4fd8,I'm not sure. Let's skip it.,Narrow,Rectangular,Black
af7881df-dc8f-4062-be63-184385e8062c,Women's Styles,Narrow,Rectangular,Black
ee178169-ed62-46a0-ad25-88d5d3480a46,Women's Styles,Wide,Rectangular,Tortoise
7080ee31-7b45-49fa-9a44-3204bb266b71,Men's Styles,Medium,Square,Tortoise
3ca41c8f-6196-44c5-969c-e8a6abaa22e2,Women's Styles,Narrow,Rectangular,Black
fe0e4b6c-c19f-413c-b2bf-1d31ee753f22,Women's Styles,Narrow,Round,Tortoise
cc00085c-1e34-446c-8c87-8b08ed4a3ea8,Men's Styles,Wide,Rectangular,Tortoise
2a8551e5-f70a-437f-8961-3a3756603875,Women's Styles,Medium,Square,Tortoise
0afacbef-7346-4d22-8efb-ff93a53cfcdd,I'm not sure. Let's skip it.,Wide,Square,Crystal
7507db31-9132-4fac-8a07-464460ffe9cd,Men's Styles,Narrow,Square,Tortoise
5056c6dd-7891-41f2-953d-d42087d97cc3,Women's Styles,I'm not sure. Let's skip it.,Rectangular,Neutral
8a646fe0-0caa-4c06-8179-7fa87aa3b33e,Men's Styles,Narrow,Rectangular,Black
62882218-a8f1-4af6-9f0b-24e8540570bc,Men's Styles,Narrow,No Preference,Tortoise
15b0707b-ebfe-49e2-baab-9fe531725b52,Men's Styles,Medium,Square,Tortoise
89c4e0cc-f9bc-46c9-88a0-8b3a6dda1b10,Women's Styles,Medium,Rectangular,Tortoise
40558a51-882d-4cc6-a03e-13a36f53a20f,Men's Styles,I'm not sure. Let's skip it.,No Preference,Black
fea51543-5c4e-4219-99c3-45e2d890f076,Men's Styles,Medium,Rectangular,Black
d963bc8e-30bd-445c-83b2-ea3771f74184,Women's Styles,Wide,Square,Two-Tone
3442acbe-887e-4ecb-ae83-aba83092ab41,Women's Styles,Wide,Square,Two-Tone
5f350749-6f5c-470e-83bb-e96587303bca,Women's Styles,Wide,Rectangular,Tortoise
804cc62c-81a7-4fdf-9576-ade89e747e17,I'm not sure. Let's skip it.,Narrow,Rectangular,Tortoise
ab385780-cb19-456f-8580-bb01ebeb4251,Men's Styles,Medium,Rectangular,Black
c562f7ce-9f71-443d-906f-556e4b5be655,Women's Styles,Medium,Rectangular,Black
06554cee-9195-4776-ba54-953ab842ed61,Men's Styles,Narrow,No Preference,Crystal
1d682634-fc4d-438b-9127-0aa0f10633a1,Women's Styles,Narrow,Square,Two-Tone
0610741e-449f-403a-9ce0-81ccfbb09b51,Women's Styles,Wide,Rectangular,Crystal
ca07293c-64b7-47e5-bbb2-4fe3e0b868f1,Women's Styles,Narrow,Rectangular,Neutral
2fe047c8-940c-4c81-b1f0-47c6fc3567e4,Women's Styles,Medium,Square,Black
e2ef0dac-4a45-40df-bce1-39a8e7d05b5c,Women's Styles,Wide,Square,Two-Tone
6d7c5164-1ec5-4998-bf46-a4fd349cac48,Women's Styles,Medium,Square,Tortoise
d0ee07f3-ccf9-4cf2-a91f-de9ab9ab817b,Men's Styles,Narrow,Square,Black
abfa72f4-6b0c-48cd-80de-c45e70812a24,Women's Styles,Narrow,Rectangular,Crystal
02b83872-02ac-4f7f-b6ef-5fb38aaebac8,Women's Styles,I'm not sure. Let's skip it.,No Preference,Black
36ff3a7f-cc36-495d-a615-31ff923e3de2,Men's Styles,Narrow,Rectangular,Black
bdaa80ec-aa51-490e-8121-bd1f1124dcd4,Women's Styles,Narrow,Rectangular,Black
5ca27508-f59a-4c3e-aac7-52071d85d1e7,Men's Styles,Narrow,Round,Crystal
8846ce4d-a252-4cac-a9d0-07a70e734df3,Men's Styles,Wide,Rectangular,Neutral
113c7c0c-6521-4d34-900b-917da98dd77f,I'm not sure. Let's skip it.,Narrow,Square,Tortoise
78b914a4-ecba-4471-9697-ee8f31826836,Men's Styles,Narrow,Square,Tortoise
57a09add-8b8e-495b-8e5e-ef97c1391abf,I'm not sure. Let's skip it.,Wide,Rectangular,Tortoise
14278246-db0e-40c9-b9ce-9cc66020067d,I'm not sure. Let's skip it.,Medium,Rectangular,Black
36b54f0d-3945-4421-99fb-a354b29365fe,Women's Styles,Wide,Square,Two-Tone
e445dadd-8c67-4aa9-9876-e767b5331e98,Men's Styles,Medium,Rectangular,Black
02bdad35-46d3-4fc6-94a5-2db10dbf319d,I'm not sure. Let's skip it.,Narrow,Square,Black
d8ecbd62-af7d-47ca-b754-8f10f51e9557,Women's Styles,Medium,Rectangular,Crystal
5e48dae3-a6d7-483c-bdbb-ec3f908c27c6,Men's Styles,Wide,Rectangular,Tortoise
0a3d30dd-34fc-48b6-ba72-d130090f4dbd,Women's Styles,Narrow,Rectangular,Black
e5fab49d-65ae-49ac-9be1-1cf01c8dbd0b,Women's Styles,Narrow,Square,Black
ebf51f39-4c4f-47e4-a516-25a89cba7207,Men's Styles,Wide,Rectangular,Black
bd20132a-5634-4255-8011-f4180a43bbaa,Women's Styles,Medium,Rectangular,Crystal
0f5211a5-d09c-4e23-a088-633b65c86e3f,Men's Styles,Wide,Round,Tortoise
e2835cf7-d22e-4ca4-ae64-9a124dde24d7,Men's Styles,Narrow,Rectangular,Tortoise
111101fb-1e15-4398-94d3-b125b67e5c1f,Women's Styles,Wide,Round,Neutral
3c9c6576-7fba-41ca-bb56-94e6f5ba1f93,Men's Styles,Narrow,Square,Neutral
8400eec0-768e-4ccf-89d8-17d342f914ca,Men's Styles,Narrow,Rectangular,Black
88fd329d-96fa-4ff0-94b7-0d9996a04e7f,Men's Styles,Wide,Round,Crystal
7eb94e0e-14a4-4a37-ae71-618bec3be74b,Men's Styles,Wide,Square,Black
b45a6682-9024-4c49-9891-fee71314d3c8,Men's Styles,Medium,Square,Tortoise
72c8988c-ad0c-4d93-9989-4e28631eef8e,Women's Styles,Wide,Round,Black
e8d09cca-3bce-465b-9f3d-2ff8ae7c8ab7,Men's Styles,Wide,Square,Black
f8f89c57-dca0-4c0d-8410-b5af27a98736,Men's Styles,Medium,Round,Tortoise
987f9599-7b55-469d-8ac3-c2660557e3d3,Women's Styles,Narrow,Rectangular,Crystal
32345658-011d-4a45-b268-89844db3b881,Men's Styles,Medium,Round,Tortoise
be31c204-dc5c-403d-9b4b-65aff9d0dd9e,Men's Styles,I'm not sure. Let's skip it.,Rectangular,Crystal
424e459e-2523-425f-91a7-31ce244183b8,I'm not sure. Let's skip it.,Narrow,Rectangular,Crystal
672c3f1e-d6e2-4d8e-a50e-fcad899ee89d,Men's Styles,Wide,Round,Tortoise
76d753de-ab9b-409a-9d7b-fe6c2bcb2893,Men's Styles,Medium,No Preference,Black
f9a7b196-3fa9-45a6-bdf9-612676e8582c,Men's Styles,Medium,Square,Two-Tone
7e4bf64c-4032-4b1d-9fa3-85eed6aa5261,Men's Styles,Medium,Square,Two-Tone
eb3c58bc-1946-4d73-ac8e-279fe07c45d9,I'm not sure. Let's skip it.,Narrow,Rectangular,Black
0aa41576-f5dc-438b-9cf3-a0d6f19b6849,Men's Styles,Medium,No Preference,Crystal
f67f08ae-aa92-4b18-af54-db7095c63338,I'm not sure. Let's skip it.,Medium,Rectangular,Tortoise
4918065f-ee68-4a43-a084-fc10a44235d1,Women's Styles,Narrow,Square,Black
64db25e1-b5c3-4dd2-9d23-6f0a88e5ecf6,Women's Styles,Medium,Square,Two-Tone
ef4d0704-d3fc-4b14-aba1-473864f708dc,Men's Styles,Medium,Square,Tortoise
46b6fb51-4d46-4208-bc51-084f1c6d6c17,Women's Styles,Narrow,Square,Two-Tone
4cfb32e1-ffca-474a-8c53-fa7b1e5cbc2e,Women's Styles,Narrow,Square,Black
c8d9a2c2-d38b-4421-8320-72b81db2fc80,Men's Styles,Narrow,Rectangular,Tortoise
1805768b-546b-4c4c-abaf-95dd4be0a4b1,Women's Styles,Narrow,Rectangular,Two-Tone
82da2da0-eef5-42d3-876c-283accf12fb6,Women's Styles,Wide,No Preference,Tortoise
d3b78548-7529-408f-8f24-1fa623d55118,Men's Styles,Narrow,Rectangular,Tortoise
b1062402-d208-479c-900c-1261b822f7f3,Men's Styles,Narrow,Rectangular,Tortoise
0ee7415a-93cb-47ea-9d5d-096d5c618b16,Women's Styles,Wide,Rectangular,Neutral
c6522de3-c50e-42e8-af4c-685cfaae7b00,Women's Styles,Narrow,Rectangular,Tortoise
cf1bc520-f1cc-412e-b129-42f9751344a5,I'm not sure. Let's skip it.,I'm not sure. Let's skip it.,Round,Crystal
1a9035c5-8ff7-4d5e-9c94-f2a7ba59fc8c,I'm not sure. Let's skip it.,Narrow,No Preference,Black
a6f69509-175a-4c5f-b9a8-6003b0054514,Men's Styles,I'm not sure. Let's skip it.,Round,Tortoise
cc32c04f-2967-4698-b424-13bf6312c6da,I'm not sure. Let's skip it.,I'm not sure. Let's skip it.,Square,Tortoise
2d8b234c-79fc-44b6-9dfa-ed91c2f1d656,Men's Styles,Narrow,Rectangular,Tortoise
d2541c5e-8f8b-409c-a7be-a140d3bcd3e6,I'm not sure. Let's skip it.,Medium,Rectangular,Two-Tone
245be1b8-6693-4501-9917-55b6b12f57e2,Women's Styles,Narrow,Rectangular,Black
b01ba01b-6ca7-4d58-99f0-ac6c9f38b967,Women's Styles,Narrow,Rectangular,Crystal
ede65873-62cb-4641-bee7-42b1dfc51930,Women's Styles,Narrow,Square,Tortoise
cce7c782-897e-4cf9-a5f7-963c0e87a0e7,Women's Styles,Narrow,Rectangular,Two-Tone
eca9d379-1a0f-4196-83fc-e834cc357b94,Men's Styles,Narrow,Rectangular,Tortoise
c5f43bc4-3a23-45d1-989f-79c8460e5dda,Men's Styles,Medium,Rectangular,Crystal
d8a914d3-a204-4648-8736-3bfc90e69709,Men's Styles,I'm not sure. Let's skip it.,Rectangular,Tortoise
374c69e9-a78b-4c92-963c-6ba877a1528f,Women's Styles,Medium,No Preference,Crystal
be5d8d0b-9761-4e38-996a-b4d68cf362e9,Women's Styles,Wide,Round,Black
974a03c0-30a4-49e5-9492-7d762432a266,Men's Styles,Narrow,Round,Black
afa57060-93ba-47c1-ae28-f68dbae5f7da,Women's Styles,Medium,Rectangular,Tortoise
55a8d752-e963-48a2-a079-972b1483b74d,Women's Styles,Wide,Round,Crystal
291a568c-5ca1-4736-a9c5-e4b5f4b67203,I'm not sure. Let's skip it.,Medium,Round,Crystal
c4821ac8-2482-44d1-80e4-5f2ad4541b3c,Men's Styles,Wide,Rectangular,Black
b9d42b71-1165-493e-b58d-88fa313bfad9,Women's Styles,Medium,Rectangular,Tortoise
836eb8ef-e489-4444-9700-3a4046ff4cba,I'm not sure. Let's skip it.,I'm not sure. Let's skip it.,Rectangular,Black
f6a1a3eb-83d9-43e1-9c29-88b53bd919e1,Men's Styles,Narrow,Square,Crystal
0120a3a4-d81e-4ebe-ae2c-bb13fe603671,Women's Styles,I'm not sure. Let's skip it.,Rectangular,Black
d89cd603-f07d-4a17-b6cd-16c185369292,Men's Styles,Narrow,Square,Black
d66bba93-e32c-4539-b55c-52fec992bb12,Women's Styles,Narrow,Rectangular,Tortoise
f9130306-dab7-4fff-bebf-31455abfb3b4,I'm not sure. Let's skip it.,Medium,Square,Crystal
4d38ad61-18f2-4a6e-a912-4bc338132c1c,Men's Styles,Medium,Rectangular,Black
6540ff04-f33c-423a-b2e2-c7b59f0568bd,Men's Styles,Medium,Square,Black
143041e7-8c37-4399-b54d-9115f234800b,Men's Styles,I'm not sure. Let's skip it.,Rectangular,Crystal
20745cb8-b846-46c8-9925-13cc82e57238,Women's Styles,Wide,Square,Tortoise
3bab9dfe-336f-48e0-a7e6-82b3593932e6,Women's Styles,Narrow,Rectangular,Black
4818f692-8de2-4844-8c18-d0cdbffe07f9,Women's Styles,Narrow,Rectangular,Black
9aa68dc1-fadf-4512-91c0-817381d3630e,Women's Styles,Narrow,Square,Black
2f0a5ec4-9979-486f-9129-1510ad873641,Women's Styles,Medium,Square,Black
6b7420e2-b9f1-45a4-b817-4dcc76737df7,Women's Styles,I'm not sure. Let's skip it.,No Preference,Two-Tone
b588bb4c-8547-444f-b64b-0655d946f978,Women's Styles,I'm not sure. Let's skip it.,Rectangular,Black
27866aaa-80c0-4960-aeef-01648820e9f4,Women's Styles,Medium,Rectangular,Black
2a1cc1bd-894e-43a1-b210-e63d122078f3,Women's Styles,Narrow,Round,Black
49e9f909-b2c7-45e0-9826-6156f11a235e,Men's Styles,Wide,Rectangular,Black
50741ea8-f71b-4075-be5e-9bfba9fe0a5c,Men's Styles,Medium,Square,Black
45d9829e-83c6-49de-a3f5-ef962f49df56,I'm not sure. Let's skip it.,Medium,Rectangular,Crystal
a4dcf6a0-ee8f-4b9e-a99e-f0e5c3de4f8c,Men's Styles,Narrow,Rectangular,Neutral
0a1c017d-2a3a-422f-83dc-200636f0482e,Women's Styles,I'm not sure. Let's skip it.,Rectangular,Two-Tone
a4bf6678-3cd7-4a3e-a490-3b2317b11544,Men's Styles,Medium,Square,Two-Tone
0946da04-9a3c-476c-adf1-00d3dfb9ec76,Men's Styles,I'm not sure. Let's skip it.,No Preference,Crystal
676c9453-cb8f-464f-abe7-e0fdf7324cc7,I'm not sure. Let's skip it.,Narrow,Rectangular,Black
363afb28-d5ed-4f67-bf37-cc177cb42b70,Men's Styles,Medium,Square,Crystal
bbe01866-e469-4109-8249-6ec52475faa5,Women's Styles,I'm not sure. Let's skip it.,Square,Tortoise
e7a9732d-616c-40f2-a8a6-37feaafc1028,Men's Styles,Medium,Square,Crystal
4c178750-1711-464e-a95e-896b5e3d52ea,Men's Styles,I'm not sure. Let's skip it.,Rectangular,Tortoise
307ebc89-368f-4ffd-be84-8dc96dd65023,Women's Styles,Wide,Round,Black
508fccd5-eae9-482c-b1b0-5a4707621f67,Women's Styles,Wide,Round,Tortoise
74b1262b-4b00-43d0-a460-7781a93fea8b,I'm not sure. Let's skip it.,Medium,Round,Black
4ec71777-7724-487e-aa46-bd4bab2e7b19,Men's Styles,Narrow,Rectangular,Black
4addbed9-cf8f-4f73-8047-f5414d6cc24a,Women's Styles,Narrow,Round,Black
c4498ea2-190b-49d4-96c0-0bd3c96e35b0,Men's Styles,Narrow,Square,Black
9c284b69-7342-4922-8b68-6368fcd0a6bc,Women's Styles,Narrow,Square,Two-Tone
00ccbbf4-ef6c-4ffc-829b-8b3c66b34c2a,Women's Styles,Narrow,Square,Tortoise
bcc2c6c6-2606-401e-990a-f5a23dd83fea,Women's Styles,Medium,Square,Tortoise
4419bd94-e1b7-46b9-9a39-a2027e1be17a,Women's Styles,Medium,No Preference,Black
bd5ad508-50e7-4db7-973a-1b280b3c2c22,Men's Styles,Narrow,Rectangular,Black
4aa4b838-64f2-42e1-8b45-277e73ace968,Women's Styles,I'm not sure. Let's skip it.,Square,Tortoise
37193abb-a78a-45f5-83a0-acfc98c1b884,Men's Styles,Narrow,Round,Crystal
bf93dda0-1d01-4a6d-b4aa-aaaf903ac5b9,Women's Styles,Narrow,Rectangular,Two-Tone
42019ba8-4b9b-4145-b935-a5b86360e238,Men's Styles,Narrow,No Preference,Crystal
30307b23-43ec-4d7d-9336-01f438eeffdc,Men's Styles,Medium,Square,Two-Tone
07cda62a-dab3-46ed-bcda-65a1200affc3,Women's Styles,Wide,Round,Black
1f3305cc-d3b4-4793-bb2f-1ea6161a0392,Women's Styles,Wide,Rectangular,Crystal
a1687117-3fa4-47c1-91f3-16b79c89762e,Men's Styles,Medium,Square,Crystal
847cc806-23ef-4b64-aa58-162a4a95f66b,Women's Styles,Wide,Round,Tortoise
80f8bcc4-407a-478d-a326-4492854f4883,Men's Styles,Narrow,Rectangular,Tortoise
40606e04-4b90-49f8-80d5-34bb41b92ec9,Men's Styles,Medium,Rectangular,Black
cf89378a-a0b6-42d4-b7f3-f7588a0aca4b,I'm not sure. Let's skip it.,Narrow,Square,Black
72d8bf42-6ed7-4c55-99c8-04cf2bd93f4a,Men's Styles,Medium,Rectangular,Black
044b1a66-cec0-4fee-8ecd-330123d1fd97,Women's Styles,Narrow,Round,Neutral
656bf0c4-c122-45f9-86f2-373a5eb62e23,Women's Styles,Narrow,Square,Tortoise
846a3405-7e6c-40aa-9d31-691a76884d27,I'm not sure. Let's skip it.,Medium,Rectangular,Crystal
ba516e45-4087-4332-a191-56225356dba2,Men's Styles,Narrow,Round,Black
07fb2d45-5992-4134-b595-c69ed6ac65e6,Men's Styles,Medium,No Preference,Black
9c9bdb1a-d065-48c9-83b1-ccb7840c108f,Men's Styles,Wide,Round,Crystal
949b455b-3a0f-4889-98ca-7f75ba695816,Men's Styles,Narrow,Round,Two-Tone
b0f39610-2068-4e10-9421-8c233f27760e,I'm not sure. Let's skip it.,Wide,Rectangular,Tortoise
bae340b3-8f78-4bf6-9809-e56c5ed75a4b,Men's Styles,Narrow,Square,Tortoise
5420b209-47ff-494e-bb17-d715d34ef80f,Women's Styles,Wide,Square,Tortoise
311cfb35-b7fd-4c85-a3e0-b9f5bb81f6b0,Men's Styles,Wide,Square,Black
3668e7c0-ce5d-4d5d-a7b1-af93447464b7,Women's Styles,Narrow,Rectangular,Tortoise
e71732d4-5cb1-4e3d-8b9a-9bdd29aaef68,Men's Styles,Wide,Square,Black
72121572-9b8f-45ed-bb30-a0587de36fe4,Women's Styles,Narrow,Round,Black
3cba3ab7-a7f6-44bc-8873-5efb4aaec3b5,Women's Styles,Narrow,Square,Tortoise
b5988330-7f6a-4e79-b03d-72b0b1573368,Men's Styles,Narrow,Rectangular,Crystal
4a91d0b1-17fc-4ba7-9667-a1d49100158f,Women's Styles,Wide,Round,Two-Tone
a436f8ff-0c22-4358-ae2b-25a73ea45a46,Men's Styles,Narrow,Rectangular,Two-Tone
9500774e-1c64-4530-9710-1ddba1f015b8,Women's Styles,Medium,Square,Tortoise
30afd728-ce9d-4397-828a-1503206ad936,Men's Styles,Medium,Square,Black
6e1fa513-0564-478f-a5ec-38a640681194,Men's Styles,Wide,Rectangular,Crystal
32829b61-064e-40c7-90e1-87e7b19deecc,Women's Styles,Narrow,Rectangular,Black
6423f8cc-e0f7-4301-a14e-2ec4256d6db3,Women's Styles,Narrow,Square,Tortoise
7468fbf1-d395-4286-a20e-d8a405f6c3ed,Men's Styles,Wide,Round,Tortoise
38003128-c07b-4fe7-9a22-e663c0b544ef,Men's Styles,Narrow,Rectangular,Tortoise
a46bb09d-c57c-4ca3-a580-3fd275593153,Women's Styles,Narrow,Rectangular,Crystal
e25358bc-6303-47fe-bfa0-e21d61e2610e,Women's Styles,Narrow,Round,Black
84ded172-2c88-48a5-a5b2-595d793cb75d,Men's Styles,Narrow,Rectangular,Tortoise
7903ba0d-7a07-4304-b038-a8be5957898d,Men's Styles,Wide,Rectangular,Tortoise
a5782bdc-9274-4b84-8419-2671a4a7e12a,Men's Styles,Medium,Round,Two-Tone
89e2f890-304c-48d3-a706-d3a38118533c,Men's Styles,Narrow,Rectangular,Black
cb0ddc47-0b3c-4315-89e0-a16f66c2b629,Men's Styles,Medium,Rectangular,Crystal
f82be00a-3ad9-4204-88f0-993ec3ddb64c,Women's Styles,I'm not sure. Let's skip it.,Round,Black
e91f200c-4db1-42a4-a81f-0b587349c4aa,Women's Styles,Medium,Rectangular,Tortoise
9d163c36-3c70-4d54-ac7b-9b6ca0eb31cf,Men's Styles,Medium,Square,Black
64f87731-58da-4dc0-b4c2-fc6603726587,Women's Styles,Narrow,Square,Tortoise
a26793cc-30b0-4093-ab4d-8e905d68a000,Men's Styles,Medium,Square,Tortoise
a28d5e96-30b6-4368-8f79-9cec16c776c0,Women's Styles,I'm not sure. Let's skip it.,Square,Tortoise
0119cf7d-f15a-4450-87bf-c47862c20580,Women's Styles,I'm not sure. Let's skip it.,Rectangular,Two-Tone
3dcfddb6-0ad6-4e23-b131-49d7f1092c3d,Women's Styles,Wide,Square,Two-Tone
10524ca6-f9d5-4f38-b316-164602b6c46b,Women's Styles,I'm not sure. Let's skip it.,Square,Tortoise
be0f9aa0-b0cc-4faf-b053-4013a00956c0,Women's Styles,Narrow,Square,Neutral
e372e6b3-cf76-40c1-97a4-ab477cb91f75,I'm not sure. Let's skip it.,Narrow,Rectangular,Black
25557162-e945-46b3-a2a6-ff49389ac304,Women's Styles,Narrow,Round,Tortoise
244a077e-c096-4c40-b358-12aed7bfd4a4,Women's Styles,Medium,Square,Crystal
bda18a57-a1dc-49db-bd7c-21e68ccdefed,Men's Styles,Medium,Rectangular,Tortoise
98574def-ed99-4fdb-9dc9-ecfbe6bfafc9,Women's Styles,Medium,Square,Tortoise
964c672a-4c73-4a23-a0f4-edd952b27a8c,Men's Styles,Wide,Square,Neutral
b9e4ee0f-3c71-4d7b-b1a7-794a2a3ce938,Women's Styles,Narrow,Round,Tortoise
e748037c-34a3-4670-b0cd-3bd5d61160f3,Men's Styles,Medium,Square,Tortoise
8beeb0df-ca18-4afa-a873-38dd8fa0e483,Men's Styles,I'm not sure. Let's skip it.,Square,Two-Tone
fe38d36a-34d1-4618-a68a-fc715414bf9e,Men's Styles,Narrow,Rectangular,Black
34e1bbeb-1b78-4130-9c65-fdbfad5559be,Women's Styles,Narrow,Square,Black
c674aeb3-f461-4944-8f6e-2225adb02f88,I'm not sure. Let's skip it.,Medium,Rectangular,Crystal
4d068c6f-d5a8-49f5-a055-6dc3d415502e,Men's Styles,Medium,Square,Black
a69bacae-ea77-428e-b8ba-149e5b4e855d,Men's Styles,Medium,Rectangular,Neutral
598d88dd-f401-4624-b9b7-988604a130bd,Men's Styles,Narrow,Rectangular,Black
c57b2de9-48e7-40e4-b3ec-e3fff1bb539d,Women's Styles,I'm not sure. Let's skip it.,No Preference,Neutral
b0b7923a-638e-4e6a-90ac-5540c5e8e29f,Women's Styles,Wide,Rectangular,Tortoise
9173a444-d354-4861-9493-d984963c9bd1,Women's Styles,Narrow,Square,Crystal
87485aaf-60ec-4f67-a10a-645b75da37a1,Women's Styles,Narrow,Rectangular,Black
36e1cee1-35fd-4197-80a8-519d7d94ef09,Men's Styles,Medium,Round,Tortoise
